#RIC,Date[L],Price,Volume,Value,Signal
ANZ.AX,07-01-2000,10.27,100.0,1027.0,S
ANZ.AX,10-01-2000,10.388,100.0,1038.8,B
ANZ.AX,13-01-2000,10.51,100.0,1051.0,S
ANZ.AX,14-01-2000,10.67,100.0,1067.0,B
ANZ.AX,19-01-2000,10.87,100.0,1087.0,S
ANZ.AX,24-01-2000,10.73,100.0,1073.0,B
ANZ.AX,25-01-2000,10.519,100.0,1051.9,S
ANZ.AX,27-01-2000,10.51,100.0,1051.0,B
ANZ.AX,28-01-2000,10.82,100.0,1082.0,S
ANZ.AX,31-01-2000,10.55,100.0,1055.0,B
ANZ.AX,01-02-2000,10.45,100.0,1045.0,S
ANZ.AX,04-02-2000,10.4,100.0,1040.0,B
ANZ.AX,10-02-2000,10.69,100.0,1069.0,S
ANZ.AX,14-02-2000,10.3,100.0,1030.0,B
ANZ.AX,17-02-2000,10.23,100.0,1023.0,S
ANZ.AX,21-02-2000,10.09,100.0,1009.0,B
ANZ.AX,24-02-2000,9.77,100.0,977.0,S
ANZ.AX,25-02-2000,10.129,100.0,1012.9,B
ANZ.AX,02-03-2000,10.183,100.0,1018.3,S
ANZ.AX,06-03-2000,10.18,100.0,1018.0,B
ANZ.AX,09-03-2000,10.445,100.0,1044.5,S
ANZ.AX,13-03-2000,10.357,100.0,1035.7,B
ANZ.AX,16-03-2000,10.806,100.0,1080.6,S
ANZ.AX,20-03-2000,10.674,100.0,1067.4,B
ANZ.AX,21-03-2000,10.65,100.0,1065.0,S
ANZ.AX,22-03-2000,10.8,100.0,1080.0,B
ANZ.AX,23-03-2000,10.78,100.0,1078.0,S
ANZ.AX,27-03-2000,10.82,100.0,1082.0,B
ANZ.AX,29-03-2000,10.705,100.0,1070.5,S
ANZ.AX,03-04-2000,10.49,100.0,1049.0,B
ANZ.AX,06-04-2000,10.95,100.0,1095.0,S
ANZ.AX,10-04-2000,11.05,100.0,1105.0,B
ANZ.AX,13-04-2000,11.45,100.0,1145.0,S
ANZ.AX,14-04-2000,11.597,100.0,1159.7,B
ANZ.AX,20-04-2000,11.8,100.0,1180.0,S
ANZ.AX,26-04-2000,12.02,100.0,1202.0,B
ANZ.AX,27-04-2000,11.979,100.0,1197.9,S
ANZ.AX,02-05-2000,11.58,100.0,1158.0,B
ANZ.AX,04-05-2000,11.36,100.0,1136.0,S
ANZ.AX,05-05-2000,11.641,100.0,1164.1,B
ANZ.AX,10-05-2000,11.78,100.0,1178.0,S
ANZ.AX,15-05-2000,11.7,100.0,1170.0,B
ANZ.AX,18-05-2000,11.85,100.0,1185.0,S
ANZ.AX,22-05-2000,11.55,100.0,1155.0,B
ANZ.AX,25-05-2000,11.57,100.0,1157.0,S
ANZ.AX,29-05-2000,11.82,100.0,1182.0,B
ANZ.AX,01-06-2000,12.12,100.0,1212.0,S
ANZ.AX,05-06-2000,12.32,100.0,1232.0,B
ANZ.AX,06-06-2000,12.11,100.0,1211.0,S
ANZ.AX,09-06-2000,12.23,100.0,1223.0,B
ANZ.AX,16-06-2000,12.32,100.0,1232.0,S
ANZ.AX,19-06-2000,12.21,100.0,1221.0,B
ANZ.AX,22-06-2000,12.24,100.0,1224.0,S
ANZ.AX,26-06-2000,12.2,100.0,1220.0,B
ANZ.AX,29-06-2000,12.74,100.0,1274.0,S
ANZ.AX,03-07-2000,12.65,100.0,1265.0,B
ANZ.AX,04-07-2000,12.468,100.0,1246.8,S
ANZ.AX,07-07-2000,12.61,100.0,1261.0,B
ANZ.AX,12-07-2000,12.8,100.0,1280.0,S
ANZ.AX,17-07-2000,12.65,100.0,1265.0,B
ANZ.AX,20-07-2000,12.65,100.0,1265.0,S
ANZ.AX,21-07-2000,12.81,100.0,1281.0,B
ANZ.AX,26-07-2000,12.834,100.0,1283.4,S
ANZ.AX,31-07-2000,13.01,100.0,1301.0,B
ANZ.AX,02-08-2000,12.723,100.0,1272.3,S
ANZ.AX,04-08-2000,12.95,100.0,1295.0,B
ANZ.AX,08-08-2000,12.9,100.0,1290.0,S
ANZ.AX,14-08-2000,12.9,100.0,1290.0,B
ANZ.AX,17-08-2000,12.88,100.0,1288.0,S
ANZ.AX,21-08-2000,12.881,100.0,1288.1,B
ANZ.AX,24-08-2000,13.34,100.0,1334.0,S
ANZ.AX,28-08-2000,13.18,100.0,1318.0,B
ANZ.AX,31-08-2000,13.03,100.0,1303.0,S
ANZ.AX,04-09-2000,13.08,100.0,1308.0,B
ANZ.AX,07-09-2000,13.15,100.0,1315.0,S
ANZ.AX,11-09-2000,13.12,100.0,1312.0,B
ANZ.AX,14-09-2000,13.13,100.0,1313.0,S
ANZ.AX,18-09-2000,13.06,100.0,1306.0,B
ANZ.AX,19-09-2000,12.8,100.0,1280.0,S
ANZ.AX,22-09-2000,12.615,100.0,1261.5,B
ANZ.AX,28-09-2000,13.2,100.0,1320.0,S
ANZ.AX,02-10-2000,13.25,100.0,1325.0,B
ANZ.AX,04-10-2000,13.58,100.0,1358.0,S
ANZ.AX,09-10-2000,13.494,100.0,1349.4,B
ANZ.AX,12-10-2000,13.9,100.0,1390.0,S
ANZ.AX,16-10-2000,13.673,100.0,1367.3,B
ANZ.AX,19-10-2000,13.82,100.0,1382.0,S
ANZ.AX,23-10-2000,14.066,100.0,1406.6,B
ANZ.AX,26-10-2000,14.385,100.0,1438.5,S
ANZ.AX,30-10-2000,14.19,100.0,1419.0,B
ANZ.AX,02-11-2000,13.89,100.0,1389.0,S
ANZ.AX,06-11-2000,14.07,100.0,1407.0,B
ANZ.AX,09-11-2000,14.73,100.0,1473.0,S
ANZ.AX,13-11-2000,14.66,100.0,1466.0,B
ANZ.AX,14-11-2000,14.34,100.0,1434.0,S
ANZ.AX,17-11-2000,14.48,100.0,1448.0,B
ANZ.AX,22-11-2000,14.35,100.0,1435.0,S
ANZ.AX,24-11-2000,14.56,100.0,1456.0,B
ANZ.AX,29-11-2000,15.03,100.0,1503.0,S
ANZ.AX,04-12-2000,15.07,100.0,1507.0,B
ANZ.AX,07-12-2000,14.98,100.0,1498.0,S
ANZ.AX,11-12-2000,15.18,100.0,1518.0,B
ANZ.AX,13-12-2000,14.78,100.0,1478.0,S
ANZ.AX,18-12-2000,14.35,100.0,1435.0,B
ANZ.AX,21-12-2000,14.45,100.0,1445.0,S
ANZ.AX,22-12-2000,14.733,100.0,1473.3,B
ANZ.AX,28-12-2000,14.707,100.0,1470.7,S
ANZ.AX,03-01-2001,14.68,100.0,1468.0,B
ANZ.AX,05-01-2001,14.841,100.0,1484.1,S
ANZ.AX,08-01-2001,14.6,100.0,1460.0,B
ANZ.AX,09-01-2001,14.37,100.0,1437.0,S
ANZ.AX,12-01-2001,14.302,100.0,1430.2,B
ANZ.AX,16-01-2001,13.937,100.0,1393.7,S
ANZ.AX,19-01-2001,14.106,100.0,1410.6,B
ANZ.AX,25-01-2001,14.81,100.0,1481.0,S
ANZ.AX,29-01-2001,14.98,100.0,1498.0,B
ANZ.AX,31-01-2001,14.943,100.0,1494.3,S
ANZ.AX,05-02-2001,15.09,100.0,1509.0,B
ANZ.AX,06-02-2001,14.92,100.0,1492.0,S
ANZ.AX,09-02-2001,14.75,100.0,1475.0,B
ANZ.AX,15-02-2001,15.0,100.0,1500.0,S
ANZ.AX,19-02-2001,14.72,100.0,1472.0,B
ANZ.AX,22-02-2001,15.492,100.0,1549.2,S
ANZ.AX,23-02-2001,15.82,100.0,1582.0,B
ANZ.AX,27-02-2001,15.4,100.0,1540.0,S
ANZ.AX,05-03-2001,15.69,100.0,1569.0,B
ANZ.AX,06-03-2001,15.6,100.0,1560.0,S
ANZ.AX,12-03-2001,14.94,100.0,1494.0,B
ANZ.AX,15-03-2001,14.5,100.0,1450.0,S
ANZ.AX,19-03-2001,14.3,100.0,1430.0,B
ANZ.AX,22-03-2001,13.86,100.0,1386.0,S
ANZ.AX,26-03-2001,13.65,100.0,1365.0,B
ANZ.AX,29-03-2001,13.982,100.0,1398.2,S
ANZ.AX,02-04-2001,13.85,100.0,1385.0,B
ANZ.AX,05-04-2001,14.46,100.0,1446.0,S
ANZ.AX,09-04-2001,14.02,100.0,1402.0,B
ANZ.AX,10-04-2001,13.84,100.0,1384.0,S
ANZ.AX,17-04-2001,13.6,100.0,1360.0,B
ANZ.AX,20-04-2001,13.8,100.0,1380.0,S
ANZ.AX,23-04-2001,13.85,100.0,1385.0,B
ANZ.AX,24-04-2001,13.947,100.0,1394.7,S
ANZ.AX,26-04-2001,14.01,100.0,1401.0,B
ANZ.AX,27-04-2001,14.05,100.0,1405.0,S
ANZ.AX,30-04-2001,14.01,100.0,1401.0,B
ANZ.AX,01-05-2001,14.0,100.0,1400.0,S
ANZ.AX,07-05-2001,14.44,100.0,1444.0,B
ANZ.AX,08-05-2001,14.24,100.0,1424.0,S
ANZ.AX,11-05-2001,14.46,100.0,1446.0,B
ANZ.AX,16-05-2001,14.78,100.0,1478.0,S
ANZ.AX,21-05-2001,15.18,100.0,1518.0,B
ANZ.AX,24-05-2001,15.2,100.0,1520.0,S
ANZ.AX,28-05-2001,15.268,100.0,1526.8,B
ANZ.AX,29-05-2001,15.18,100.0,1518.0,S
ANZ.AX,01-06-2001,15.4,100.0,1540.0,B
ANZ.AX,07-06-2001,16.141,100.0,1614.1,S
ANZ.AX,12-06-2001,15.75,100.0,1575.0,B
ANZ.AX,13-06-2001,15.792,100.0,1579.2,S
ANZ.AX,14-06-2001,15.77,100.0,1577.0,B
ANZ.AX,15-06-2001,15.97,100.0,1597.0,S
ANZ.AX,18-06-2001,15.845,100.0,1584.5,B
ANZ.AX,21-06-2001,16.63,100.0,1663.0,S
ANZ.AX,25-06-2001,16.75,100.0,1675.0,B
ANZ.AX,27-06-2001,16.4,100.0,1640.0,S
ANZ.AX,29-06-2001,16.904,100.0,1690.4,B
ANZ.AX,03-07-2001,16.21,100.0,1621.0,S
ANZ.AX,06-07-2001,15.69,100.0,1569.0,B
ANZ.AX,12-07-2001,16.125,100.0,1612.5,S
ANZ.AX,16-07-2001,16.15,100.0,1615.0,B
ANZ.AX,17-07-2001,16.02,100.0,1602.0,S
ANZ.AX,18-07-2001,16.102,100.0,1610.2,B
ANZ.AX,19-07-2001,16.281,100.0,1628.1,S
ANZ.AX,23-07-2001,16.1,100.0,1610.0,B
ANZ.AX,26-07-2001,15.7,100.0,1570.0,S
ANZ.AX,30-07-2001,15.88,100.0,1588.0,B
ANZ.AX,02-08-2001,16.2,100.0,1620.0,S
ANZ.AX,03-08-2001,16.6,100.0,1660.0,B
ANZ.AX,08-08-2001,16.775,100.0,1677.5,S
ANZ.AX,13-08-2001,16.39,100.0,1639.0,B
ANZ.AX,16-08-2001,16.46,100.0,1646.0,S
ANZ.AX,20-08-2001,16.38,100.0,1638.0,B
ANZ.AX,23-08-2001,16.671,100.0,1667.1,S
ANZ.AX,27-08-2001,17.256,100.0,1725.6,B
ANZ.AX,28-08-2001,17.22,100.0,1722.0,S
ANZ.AX,03-09-2001,17.23,100.0,1723.0,B
ANZ.AX,05-09-2001,16.77,100.0,1677.0,S
ANZ.AX,10-09-2001,16.4,100.0,1640.0,B
ANZ.AX,12-09-2001,15.748,100.0,1574.8,S
ANZ.AX,17-09-2001,14.85,100.0,1485.0,B
ANZ.AX,20-09-2001,14.6,100.0,1460.0,S
ANZ.AX,24-09-2001,14.27,100.0,1427.0,B
ANZ.AX,27-09-2001,15.85,100.0,1585.0,S
ANZ.AX,01-10-2001,16.359,100.0,1635.9,B
ANZ.AX,03-10-2001,16.332,100.0,1633.2,S
ANZ.AX,08-10-2001,16.92,100.0,1692.0,B
ANZ.AX,09-10-2001,16.453,100.0,1645.3,S
ANZ.AX,12-10-2001,17.14,100.0,1714.0,B
ANZ.AX,18-10-2001,16.89,100.0,1689.0,S
ANZ.AX,22-10-2001,17.0,100.0,1700.0,B
ANZ.AX,25-10-2001,17.6,100.0,1760.0,S
ANZ.AX,29-10-2001,17.811,100.0,1781.1,B
ANZ.AX,01-11-2001,17.492,100.0,1749.2,S
ANZ.AX,05-11-2001,17.82,100.0,1782.0,B
ANZ.AX,07-11-2001,17.607,100.0,1760.7,S
ANZ.AX,12-11-2001,18.253,100.0,1825.3,B
ANZ.AX,15-11-2001,18.5,100.0,1850.0,S
ANZ.AX,19-11-2001,17.98,100.0,1798.0,B
ANZ.AX,22-11-2001,17.62,100.0,1762.0,S
ANZ.AX,26-11-2001,17.72,100.0,1772.0,B
ANZ.AX,29-11-2001,17.52,100.0,1752.0,S
ANZ.AX,03-12-2001,17.05,100.0,1705.0,B
ANZ.AX,06-12-2001,17.108,100.0,1710.8,S
ANZ.AX,10-12-2001,17.36,100.0,1736.0,B
ANZ.AX,12-12-2001,17.159,100.0,1715.9,S
ANZ.AX,17-12-2001,17.105,100.0,1710.5,B
ANZ.AX,20-12-2001,17.515,100.0,1751.5,S
ANZ.AX,24-12-2001,17.74,100.0,1774.0,B
ANZ.AX,04-01-2002,17.939,100.0,1793.9,S
ANZ.AX,11-01-2002,17.31,100.0,1731.0,B
ANZ.AX,17-01-2002,17.32,100.0,1732.0,S
ANZ.AX,21-01-2002,17.284,100.0,1728.4,B
ANZ.AX,24-01-2002,17.3,100.0,1730.0,S
ANZ.AX,29-01-2002,17.765,100.0,1776.5,B
ANZ.AX,30-01-2002,17.52,100.0,1752.0,S
ANZ.AX,31-01-2002,17.75,100.0,1775.0,B
ANZ.AX,01-02-2002,17.495,100.0,1749.5,S
ANZ.AX,04-02-2002,17.64,100.0,1764.0,B
ANZ.AX,07-02-2002,17.863,100.0,1786.3,S
ANZ.AX,11-02-2002,17.98,100.0,1798.0,B
ANZ.AX,14-02-2002,17.98,100.0,1798.0,S
ANZ.AX,18-02-2002,18.01,100.0,1801.0,B
ANZ.AX,20-02-2002,18.057,100.0,1805.7,S
ANZ.AX,25-02-2002,18.241,100.0,1824.1,B
ANZ.AX,28-02-2002,18.45,100.0,1845.0,S
ANZ.AX,04-03-2002,18.25,100.0,1825.0,B
ANZ.AX,05-03-2002,18.02,100.0,1802.0,S
ANZ.AX,08-03-2002,18.05,100.0,1805.0,B
ANZ.AX,12-03-2002,17.739,100.0,1773.9,S
ANZ.AX,18-03-2002,17.96,100.0,1796.0,B
ANZ.AX,19-03-2002,17.98,100.0,1798.0,S
ANZ.AX,20-03-2002,18.05,100.0,1805.0,B
ANZ.AX,21-03-2002,17.84,100.0,1784.0,S
ANZ.AX,25-03-2002,18.05,100.0,1805.0,B
ANZ.AX,26-03-2002,17.64,100.0,1764.0,S
ANZ.AX,02-04-2002,17.55,100.0,1755.0,B
ANZ.AX,05-04-2002,17.84,100.0,1784.0,S
ANZ.AX,08-04-2002,17.79,100.0,1779.0,B
ANZ.AX,11-04-2002,17.95,100.0,1795.0,S
ANZ.AX,15-04-2002,18.24,100.0,1824.0,B
ANZ.AX,18-04-2002,18.39,100.0,1839.0,S
ANZ.AX,22-04-2002,18.85,100.0,1885.0,B
ANZ.AX,24-04-2002,18.97,100.0,1897.0,S
ANZ.AX,29-04-2002,18.98,100.0,1898.0,B
ANZ.AX,01-05-2002,19.07,100.0,1907.0,S
ANZ.AX,06-05-2002,18.95,100.0,1895.0,B
ANZ.AX,09-05-2002,18.95,100.0,1895.0,S
ANZ.AX,13-05-2002,19.05,100.0,1905.0,B
ANZ.AX,16-05-2002,19.36,100.0,1936.0,S
ANZ.AX,20-05-2002,18.68,100.0,1868.0,B
ANZ.AX,23-05-2002,19.04,100.0,1904.0,S
ANZ.AX,27-05-2002,19.14,100.0,1914.0,B
ANZ.AX,30-05-2002,19.3,100.0,1930.0,S
ANZ.AX,31-05-2002,19.5,100.0,1950.0,B
ANZ.AX,06-06-2002,20.02,100.0,2002.0,S
ANZ.AX,11-06-2002,20.38,100.0,2038.0,B
ANZ.AX,12-06-2002,20.19,100.0,2019.0,S
ANZ.AX,17-06-2002,19.79,100.0,1979.0,B
ANZ.AX,20-06-2002,19.53,100.0,1953.0,S
ANZ.AX,24-06-2002,19.29,100.0,1929.0,B
ANZ.AX,27-06-2002,19.3,100.0,1930.0,S
ANZ.AX,01-07-2002,19.02,100.0,1902.0,B
ANZ.AX,04-07-2002,18.99,100.0,1899.0,S
ANZ.AX,08-07-2002,18.9,100.0,1890.0,B
ANZ.AX,11-07-2002,19.1,100.0,1910.0,S
ANZ.AX,15-07-2002,19.2,100.0,1920.0,B
ANZ.AX,17-07-2002,18.85,100.0,1885.0,S
ANZ.AX,22-07-2002,18.64,100.0,1864.0,B
ANZ.AX,23-07-2002,18.5,100.0,1850.0,S
ANZ.AX,29-07-2002,17.46,100.0,1746.0,B
ANZ.AX,01-08-2002,18.15,100.0,1815.0,S
ANZ.AX,05-08-2002,17.47,100.0,1747.0,B
ANZ.AX,08-08-2002,18.59,100.0,1859.0,S
ANZ.AX,12-08-2002,18.44,100.0,1844.0,B
ANZ.AX,14-08-2002,18.53,100.0,1853.0,S
ANZ.AX,19-08-2002,18.39,100.0,1839.0,B
ANZ.AX,22-08-2002,18.92,100.0,1892.0,S
ANZ.AX,26-08-2002,18.95,100.0,1895.0,B
ANZ.AX,27-08-2002,18.64,100.0,1864.0,S
ANZ.AX,28-08-2002,18.64,100.0,1864.0,B
ANZ.AX,29-08-2002,18.94,100.0,1894.0,S
ANZ.AX,30-08-2002,18.96,100.0,1896.0,B
ANZ.AX,03-09-2002,19.05,100.0,1905.0,S
ANZ.AX,09-09-2002,19.39,100.0,1939.0,B
ANZ.AX,12-09-2002,19.47,100.0,1947.0,S
ANZ.AX,16-09-2002,19.48,100.0,1948.0,B
ANZ.AX,18-09-2002,19.3,100.0,1930.0,S
ANZ.AX,23-09-2002,18.85,100.0,1885.0,B
ANZ.AX,26-09-2002,18.22,100.0,1822.0,S
ANZ.AX,30-09-2002,17.65,100.0,1765.0,B
ANZ.AX,03-10-2002,18.28,100.0,1828.0,S
ANZ.AX,07-10-2002,17.63,100.0,1763.0,B
ANZ.AX,08-10-2002,17.49,100.0,1749.0,S
ANZ.AX,11-10-2002,16.99,100.0,1699.0,B
ANZ.AX,17-10-2002,18.04,100.0,1804.0,S
ANZ.AX,21-10-2002,17.85,100.0,1785.0,B
ANZ.AX,24-10-2002,18.42,100.0,1842.0,S
ANZ.AX,28-10-2002,18.77,100.0,1877.0,B
ANZ.AX,29-10-2002,18.66,100.0,1866.0,S
ANZ.AX,30-10-2002,18.96,100.0,1896.0,B
ANZ.AX,31-10-2002,18.83,100.0,1883.0,S
ANZ.AX,04-11-2002,18.67,100.0,1867.0,B
ANZ.AX,07-11-2002,18.89,100.0,1889.0,S
ANZ.AX,11-11-2002,18.35,100.0,1835.0,B
ANZ.AX,14-11-2002,18.12,100.0,1812.0,S
ANZ.AX,18-11-2002,18.47,100.0,1847.0,B
ANZ.AX,21-11-2002,18.45,100.0,1845.0,S
ANZ.AX,25-11-2002,18.7,100.0,1870.0,B
ANZ.AX,28-11-2002,18.74,100.0,1874.0,S
ANZ.AX,02-12-2002,18.84,100.0,1884.0,B
ANZ.AX,03-12-2002,18.65,100.0,1865.0,S
ANZ.AX,09-12-2002,17.9,100.0,1790.0,B
ANZ.AX,10-12-2002,17.6,100.0,1760.0,S
ANZ.AX,16-12-2002,17.1,100.0,1710.0,B
ANZ.AX,19-12-2002,17.49,100.0,1749.0,S
ANZ.AX,23-12-2002,17.68,100.0,1768.0,B
ANZ.AX,03-01-2003,17.45,100.0,1745.0,S
ANZ.AX,06-01-2003,17.82,100.0,1782.0,B
ANZ.AX,07-01-2003,17.61,100.0,1761.0,S
ANZ.AX,13-01-2003,17.63,100.0,1763.0,B
ANZ.AX,16-01-2003,17.45,100.0,1745.0,S
ANZ.AX,20-01-2003,17.44,100.0,1744.0,B
ANZ.AX,23-01-2003,17.86,100.0,1786.0,S
ANZ.AX,28-01-2003,17.5,100.0,1750.0,B
ANZ.AX,29-01-2003,17.33,100.0,1733.0,S
ANZ.AX,03-02-2003,17.24,100.0,1724.0,B
ANZ.AX,05-02-2003,16.91,100.0,1691.0,S
ANZ.AX,10-02-2003,16.68,100.0,1668.0,B
ANZ.AX,12-02-2003,16.42,100.0,1642.0,S
ANZ.AX,17-02-2003,16.3,100.0,1630.0,B
ANZ.AX,20-02-2003,15.95,100.0,1595.0,S
ANZ.AX,21-02-2003,16.57,100.0,1657.0,B
ANZ.AX,25-02-2003,16.43,100.0,1643.0,S
ANZ.AX,28-02-2003,16.42,100.0,1642.0,B
ANZ.AX,05-03-2003,16.34,100.0,1634.0,S
ANZ.AX,10-03-2003,16.4,100.0,1640.0,B
ANZ.AX,11-03-2003,16.32,100.0,1632.0,S
ANZ.AX,12-03-2003,16.4,100.0,1640.0,B
ANZ.AX,13-03-2003,16.17,100.0,1617.0,S
ANZ.AX,14-03-2003,16.62,100.0,1662.0,B
ANZ.AX,19-03-2003,17.32,100.0,1732.0,S
ANZ.AX,24-03-2003,17.23,100.0,1723.0,B
ANZ.AX,27-03-2003,17.9,100.0,1790.0,S
ANZ.AX,31-03-2003,17.93,100.0,1793.0,B
ANZ.AX,03-04-2003,18.22,100.0,1822.0,S
ANZ.AX,07-04-2003,18.55,100.0,1855.0,B
ANZ.AX,09-04-2003,18.05,100.0,1805.0,S
ANZ.AX,14-04-2003,17.66,100.0,1766.0,B
ANZ.AX,17-04-2003,18.36,100.0,1836.0,S
ANZ.AX,22-04-2003,18.47,100.0,1847.0,B
ANZ.AX,30-04-2003,18.65,100.0,1865.0,S
ANZ.AX,05-05-2003,18.48,100.0,1848.0,B
ANZ.AX,06-05-2003,18.34,100.0,1834.0,S
ANZ.AX,07-05-2003,18.47,100.0,1847.0,B
ANZ.AX,08-05-2003,18.32,100.0,1832.0,S
ANZ.AX,12-05-2003,18.51,100.0,1851.0,B
ANZ.AX,15-05-2003,18.67,100.0,1867.0,S
ANZ.AX,19-05-2003,18.23,100.0,1823.0,B
ANZ.AX,20-05-2003,18.1,100.0,1810.0,S
ANZ.AX,23-05-2003,18.42,100.0,1842.0,B
ANZ.AX,29-05-2003,18.59,100.0,1859.0,S
ANZ.AX,02-06-2003,18.7,100.0,1870.0,B
ANZ.AX,05-06-2003,18.86,100.0,1886.0,S
ANZ.AX,10-06-2003,18.92,100.0,1892.0,B
ANZ.AX,13-06-2003,19.1,100.0,1910.0,S
ANZ.AX,16-06-2003,18.98,100.0,1898.0,B
ANZ.AX,19-06-2003,19.23,100.0,1923.0,S
ANZ.AX,23-06-2003,18.67,100.0,1867.0,B
ANZ.AX,24-06-2003,18.53,100.0,1853.0,S
ANZ.AX,25-06-2003,18.52,100.0,1852.0,B
ANZ.AX,26-06-2003,18.36,100.0,1836.0,S
ANZ.AX,27-06-2003,18.66,100.0,1866.0,B
ANZ.AX,02-07-2003,18.58,100.0,1858.0,S
ANZ.AX,07-07-2003,18.55,100.0,1855.0,B
ANZ.AX,08-07-2003,18.12,100.0,1812.0,S
ANZ.AX,11-07-2003,17.79,100.0,1779.0,B
ANZ.AX,17-07-2003,17.92,100.0,1792.0,S
ANZ.AX,21-07-2003,17.81,100.0,1781.0,B
ANZ.AX,24-07-2003,18.0,100.0,1800.0,S
ANZ.AX,28-07-2003,18.42,100.0,1842.0,B
ANZ.AX,29-07-2003,18.28,100.0,1828.0,S
ANZ.AX,04-08-2003,18.13,100.0,1813.0,B
ANZ.AX,07-08-2003,18.33,100.0,1833.0,S
ANZ.AX,11-08-2003,18.42,100.0,1842.0,B
ANZ.AX,12-08-2003,18.23,100.0,1823.0,S
ANZ.AX,18-08-2003,17.7,100.0,1770.0,B
ANZ.AX,21-08-2003,18.15,100.0,1815.0,S
ANZ.AX,25-08-2003,17.9,100.0,1790.0,B
ANZ.AX,26-08-2003,17.84,100.0,1784.0,S
ANZ.AX,27-08-2003,18.01,100.0,1801.0,B
ANZ.AX,28-08-2003,17.86,100.0,1786.0,S
ANZ.AX,01-09-2003,17.57,100.0,1757.0,B
ANZ.AX,04-09-2003,17.78,100.0,1778.0,S
ANZ.AX,08-09-2003,18.12,100.0,1812.0,B
ANZ.AX,09-09-2003,17.98,100.0,1798.0,S
ANZ.AX,12-09-2003,18.04,100.0,1804.0,B
ANZ.AX,18-09-2003,18.01,100.0,1801.0,S
ANZ.AX,19-09-2003,18.0,100.0,1800.0,B
ANZ.AX,25-09-2003,18.0,100.0,1800.0,S
ANZ.AX,29-09-2003,18.02,100.0,1802.0,B
ANZ.AX,02-10-2003,18.03,100.0,1803.0,S
ANZ.AX,06-10-2003,18.08,100.0,1808.0,B
ANZ.AX,07-10-2003,18.06,100.0,1806.0,S
ANZ.AX,08-10-2003,18.36,100.0,1836.0,B
ANZ.AX,09-10-2003,18.34,100.0,1834.0,S
ANZ.AX,13-10-2003,18.22,100.0,1822.0,B
ANZ.AX,16-10-2003,18.48,100.0,1848.0,S
ANZ.AX,20-10-2003,18.2,100.0,1820.0,B
ANZ.AX,23-10-2003,18.3,100.0,1830.0,S
ANZ.AX,28-10-2003,18.14,100.0,1814.0,B
ANZ.AX,29-10-2003,17.67,100.0,1767.0,S
ANZ.AX,30-10-2003,17.88,100.0,1788.0,B
ANZ.AX,31-10-2003,17.8,100.0,1780.0,S
ANZ.AX,03-11-2003,17.59,100.0,1759.0,B
ANZ.AX,04-11-2003,17.49,100.0,1749.0,S
ANZ.AX,10-11-2003,16.06,100.0,1606.0,B
ANZ.AX,13-11-2003,16.5,100.0,1650.0,S
ANZ.AX,17-11-2003,16.35,100.0,1635.0,B
ANZ.AX,20-11-2003,17.12,100.0,1712.0,S
ANZ.AX,24-11-2003,17.12,100.0,1712.0,B
ANZ.AX,26-11-2003,16.98,100.0,1698.0,S
ANZ.AX,01-12-2003,16.71,100.0,1671.0,B
ANZ.AX,04-12-2003,17.27,100.0,1727.0,S
ANZ.AX,08-12-2003,17.29,100.0,1729.0,B
ANZ.AX,11-12-2003,17.1,100.0,1710.0,S
ANZ.AX,12-12-2003,17.36,100.0,1736.0,B
ANZ.AX,18-12-2003,17.32,100.0,1732.0,S
ANZ.AX,22-12-2003,17.48,100.0,1748.0,B
ANZ.AX,07-01-2004,17.86,100.0,1786.0,S
ANZ.AX,12-01-2004,17.88,100.0,1788.0,B
ANZ.AX,15-01-2004,18.1,100.0,1810.0,S
ANZ.AX,19-01-2004,18.01,100.0,1801.0,B
ANZ.AX,20-01-2004,17.71,100.0,1771.0,S
ANZ.AX,21-01-2004,17.85,100.0,1785.0,B
ANZ.AX,22-01-2004,18.05,100.0,1805.0,S
ANZ.AX,23-01-2004,18.05,100.0,1805.0,B
ANZ.AX,28-01-2004,17.51,100.0,1751.0,S
ANZ.AX,29-01-2004,17.69,100.0,1769.0,B
ANZ.AX,30-01-2004,17.56,100.0,1756.0,S
ANZ.AX,02-02-2004,17.56,100.0,1756.0,B
ANZ.AX,05-02-2004,17.75,100.0,1775.0,S
ANZ.AX,09-02-2004,17.72,100.0,1772.0,B
ANZ.AX,12-02-2004,17.95,100.0,1795.0,S
ANZ.AX,16-02-2004,18.03,100.0,1803.0,B
ANZ.AX,17-02-2004,17.91,100.0,1791.0,S
ANZ.AX,20-02-2004,17.87,100.0,1787.0,B
ANZ.AX,26-02-2004,18.07,100.0,1807.0,S
ANZ.AX,01-03-2004,18.02,100.0,1802.0,B
ANZ.AX,04-03-2004,18.17,100.0,1817.0,S
ANZ.AX,05-03-2004,18.35,100.0,1835.0,B
ANZ.AX,11-03-2004,19.2,100.0,1920.0,S
ANZ.AX,15-03-2004,18.91,100.0,1891.0,B
ANZ.AX,18-03-2004,19.06,100.0,1906.0,S
ANZ.AX,22-03-2004,18.92,100.0,1892.0,B
ANZ.AX,25-03-2004,19.2,100.0,1920.0,S
ANZ.AX,26-03-2004,19.4,100.0,1940.0,B
ANZ.AX,30-03-2004,19.08,100.0,1908.0,S
ANZ.AX,05-04-2004,19.16,100.0,1916.0,B
ANZ.AX,08-04-2004,19.05,100.0,1905.0,S
ANZ.AX,13-04-2004,18.87,100.0,1887.0,B
ANZ.AX,16-04-2004,18.64,100.0,1864.0,S
ANZ.AX,19-04-2004,18.93,100.0,1893.0,B
ANZ.AX,21-04-2004,18.82,100.0,1882.0,S
ANZ.AX,26-04-2004,18.95,100.0,1895.0,B
ANZ.AX,28-04-2004,18.65,100.0,1865.0,S
ANZ.AX,03-05-2004,18.61,100.0,1861.0,B
ANZ.AX,04-05-2004,18.45,100.0,1845.0,S
ANZ.AX,10-05-2004,18.08,100.0,1808.0,B
ANZ.AX,13-05-2004,18.17,100.0,1817.0,S
ANZ.AX,17-05-2004,17.52,100.0,1752.0,B
ANZ.AX,20-05-2004,17.63,100.0,1763.0,S
ANZ.AX,24-05-2004,17.83,100.0,1783.0,B
ANZ.AX,27-05-2004,18.0,100.0,1800.0,S
ANZ.AX,31-05-2004,18.05,100.0,1805.0,B
ANZ.AX,01-06-2004,18.03,100.0,1803.0,S
ANZ.AX,02-06-2004,18.35,100.0,1835.0,B
ANZ.AX,03-06-2004,18.38,100.0,1838.0,S
ANZ.AX,07-06-2004,18.36,100.0,1836.0,B
ANZ.AX,10-06-2004,18.24,100.0,1824.0,S
ANZ.AX,15-06-2004,18.22,100.0,1822.0,B
ANZ.AX,18-06-2004,18.55,100.0,1855.0,S
ANZ.AX,21-06-2004,18.65,100.0,1865.0,B
ANZ.AX,23-06-2004,18.6,100.0,1860.0,S
ANZ.AX,28-06-2004,18.25,100.0,1825.0,B
ANZ.AX,01-07-2004,18.17,100.0,1817.0,S
ANZ.AX,05-07-2004,18.19,100.0,1819.0,B
ANZ.AX,08-07-2004,18.33,100.0,1833.0,S
ANZ.AX,12-07-2004,18.17,100.0,1817.0,B
ANZ.AX,15-07-2004,17.98,100.0,1798.0,S
ANZ.AX,19-07-2004,17.94,100.0,1794.0,B
ANZ.AX,22-07-2004,17.87,100.0,1787.0,S
ANZ.AX,26-07-2004,17.95,100.0,1795.0,B
ANZ.AX,29-07-2004,17.9,100.0,1790.0,S
ANZ.AX,02-08-2004,18.08,100.0,1808.0,B
ANZ.AX,04-08-2004,18.11,100.0,1811.0,S
ANZ.AX,09-08-2004,17.95,100.0,1795.0,B
ANZ.AX,12-08-2004,18.0,100.0,1800.0,S
ANZ.AX,16-08-2004,17.79,100.0,1779.0,B
ANZ.AX,19-08-2004,17.9,100.0,1790.0,S
ANZ.AX,23-08-2004,18.08,100.0,1808.0,B
ANZ.AX,24-08-2004,18.02,100.0,1802.0,S
ANZ.AX,27-08-2004,18.24,100.0,1824.0,B
ANZ.AX,02-09-2004,18.66,100.0,1866.0,S
ANZ.AX,06-09-2004,18.46,100.0,1846.0,B
ANZ.AX,09-09-2004,18.52,100.0,1852.0,S
ANZ.AX,13-09-2004,18.65,100.0,1865.0,B
ANZ.AX,16-09-2004,18.64,100.0,1864.0,S
ANZ.AX,20-09-2004,18.48,100.0,1848.0,B
ANZ.AX,23-09-2004,18.47,100.0,1847.0,S
ANZ.AX,24-09-2004,18.66,100.0,1866.0,B
ANZ.AX,30-09-2004,19.02,100.0,1902.0,S
ANZ.AX,01-10-2004,19.2,100.0,1920.0,B
ANZ.AX,07-10-2004,19.12,100.0,1912.0,S
ANZ.AX,11-10-2004,19.2,100.0,1920.0,B
ANZ.AX,14-10-2004,19.78,100.0,1978.0,S
ANZ.AX,18-10-2004,19.51,100.0,1951.0,B
ANZ.AX,21-10-2004,19.55,100.0,1955.0,S
ANZ.AX,25-10-2004,19.47,100.0,1947.0,B
ANZ.AX,28-10-2004,20.0,100.0,2000.0,S
ANZ.AX,29-10-2004,20.4,100.0,2040.0,B
ANZ.AX,02-11-2004,20.56,100.0,2056.0,S
ANZ.AX,05-11-2004,20.77,100.0,2077.0,B
ANZ.AX,10-11-2004,19.94,100.0,1994.0,S
ANZ.AX,15-11-2004,20.18,100.0,2018.0,B
ANZ.AX,18-11-2004,19.94,100.0,1994.0,S
ANZ.AX,22-11-2004,19.54,100.0,1954.0,B
ANZ.AX,25-11-2004,19.72,100.0,1972.0,S
ANZ.AX,29-11-2004,19.78,100.0,1978.0,B
ANZ.AX,02-12-2004,20.03,100.0,2003.0,S
ANZ.AX,06-12-2004,20.15,100.0,2015.0,B
ANZ.AX,07-12-2004,19.95,100.0,1995.0,S
ANZ.AX,10-12-2004,19.85,100.0,1985.0,B
ANZ.AX,16-12-2004,20.38,100.0,2038.0,S
ANZ.AX,20-12-2004,20.36,100.0,2036.0,B
ANZ.AX,21-12-2004,20.38,100.0,2038.0,S
ANZ.AX,29-12-2004,20.59,100.0,2059.0,B
ANZ.AX,05-01-2005,20.49,100.0,2049.0,S
ANZ.AX,10-01-2005,20.65,100.0,2065.0,B
ANZ.AX,13-01-2005,20.48,100.0,2048.0,S
ANZ.AX,17-01-2005,20.34,100.0,2034.0,B
ANZ.AX,20-01-2005,20.19,100.0,2019.0,S
ANZ.AX,24-01-2005,20.17,100.0,2017.0,B
ANZ.AX,28-01-2005,20.55,100.0,2055.0,S
ANZ.AX,31-01-2005,20.59,100.0,2059.0,B
ANZ.AX,01-02-2005,20.5,100.0,2050.0,S
ANZ.AX,02-02-2005,20.7,100.0,2070.0,B
ANZ.AX,03-02-2005,20.5,100.0,2050.0,S
ANZ.AX,04-02-2005,20.74,100.0,2074.0,B
ANZ.AX,10-02-2005,21.83,100.0,2183.0,S
ANZ.AX,14-02-2005,21.18,100.0,2118.0,B
ANZ.AX,15-02-2005,21.2,100.0,2120.0,S
ANZ.AX,16-02-2005,21.4,100.0,2140.0,B
ANZ.AX,17-02-2005,21.22,100.0,2122.0,S
ANZ.AX,21-02-2005,21.14,100.0,2114.0,B
ANZ.AX,23-02-2005,21.3,100.0,2130.0,S
ANZ.AX,28-02-2005,21.37,100.0,2137.0,B
ANZ.AX,03-03-2005,21.56,100.0,2156.0,S
ANZ.AX,04-03-2005,21.8,100.0,2180.0,B
ANZ.AX,09-03-2005,21.76,100.0,2176.0,S
ANZ.AX,14-03-2005,21.47,100.0,2147.0,B
ANZ.AX,17-03-2005,21.65,100.0,2165.0,S
ANZ.AX,21-03-2005,21.32,100.0,2132.0,B
ANZ.AX,24-03-2005,20.86,100.0,2086.0,S
ANZ.AX,29-03-2005,20.59,100.0,2059.0,B
ANZ.AX,01-04-2005,20.76,100.0,2076.0,S
ANZ.AX,04-04-2005,20.71,100.0,2071.0,B
ANZ.AX,07-04-2005,20.9,100.0,2090.0,S
ANZ.AX,11-04-2005,20.89,100.0,2089.0,B
ANZ.AX,14-04-2005,20.95,100.0,2095.0,S
ANZ.AX,18-04-2005,20.64,100.0,2064.0,B
ANZ.AX,21-04-2005,20.8,100.0,2080.0,S
ANZ.AX,26-04-2005,20.74,100.0,2074.0,B
ANZ.AX,29-04-2005,21.57,100.0,2157.0,S
ANZ.AX,02-05-2005,21.8,100.0,2180.0,B
ANZ.AX,03-05-2005,21.8,100.0,2180.0,S
ANZ.AX,06-05-2005,21.81,100.0,2181.0,B
ANZ.AX,12-05-2005,22.02,100.0,2202.0,S
ANZ.AX,13-05-2005,22.15,100.0,2215.0,B
ANZ.AX,17-05-2005,21.42,100.0,2142.0,S
ANZ.AX,18-05-2005,21.83,100.0,2183.0,B
ANZ.AX,19-05-2005,21.91,100.0,2191.0,S
ANZ.AX,23-05-2005,21.85,100.0,2185.0,B
ANZ.AX,26-05-2005,21.9,100.0,2190.0,S
ANZ.AX,30-05-2005,21.95,100.0,2195.0,B
ANZ.AX,31-05-2005,21.45,100.0,2145.0,S
ANZ.AX,01-06-2005,21.93,100.0,2193.0,B
ANZ.AX,02-06-2005,21.91,100.0,2191.0,S
ANZ.AX,03-06-2005,21.93,100.0,2193.0,B
ANZ.AX,09-06-2005,22.01,100.0,2201.0,S
ANZ.AX,14-06-2005,21.76,100.0,2176.0,B
ANZ.AX,17-06-2005,22.1,100.0,2210.0,S
ANZ.AX,20-06-2005,21.91,100.0,2191.0,B
ANZ.AX,23-06-2005,21.79,100.0,2179.0,S
ANZ.AX,27-06-2005,21.65,100.0,2165.0,B
ANZ.AX,30-06-2005,21.75,100.0,2175.0,S
ANZ.AX,04-07-2005,21.74,100.0,2174.0,B
ANZ.AX,07-07-2005,21.32,100.0,2132.0,S
ANZ.AX,11-07-2005,21.15,100.0,2115.0,B
ANZ.AX,14-07-2005,21.39,100.0,2139.0,S
ANZ.AX,18-07-2005,21.15,100.0,2115.0,B
ANZ.AX,21-07-2005,21.24,100.0,2124.0,S
ANZ.AX,25-07-2005,21.3,100.0,2130.0,B
ANZ.AX,28-07-2005,21.37,100.0,2137.0,S
ANZ.AX,01-08-2005,21.32,100.0,2132.0,B
ANZ.AX,04-08-2005,21.42,100.0,2142.0,S
ANZ.AX,08-08-2005,21.6,100.0,2160.0,B
ANZ.AX,11-08-2005,21.96,100.0,2196.0,S
ANZ.AX,15-08-2005,21.97,100.0,2197.0,B
ANZ.AX,18-08-2005,22.11,100.0,2211.0,S
ANZ.AX,22-08-2005,22.14,100.0,2214.0,B
ANZ.AX,24-08-2005,21.8,100.0,2180.0,S
ANZ.AX,26-08-2005,22.05,100.0,2205.0,B
ANZ.AX,01-09-2005,22.27,100.0,2227.0,S
ANZ.AX,05-09-2005,22.14,100.0,2214.0,B
ANZ.AX,08-09-2005,22.78,100.0,2278.0,S
ANZ.AX,12-09-2005,22.65,100.0,2265.0,B
ANZ.AX,15-09-2005,22.87,100.0,2287.0,S
ANZ.AX,16-09-2005,23.25,100.0,2325.0,B
ANZ.AX,21-09-2005,23.35,100.0,2335.0,S
ANZ.AX,26-09-2005,23.74,100.0,2374.0,B
ANZ.AX,29-09-2005,24.27,100.0,2427.0,S
ANZ.AX,03-10-2005,24.15,100.0,2415.0,B
ANZ.AX,05-10-2005,23.45,100.0,2345.0,S
ANZ.AX,10-10-2005,23.18,100.0,2318.0,B
ANZ.AX,13-10-2005,23.16,100.0,2316.0,S
ANZ.AX,17-10-2005,23.47,100.0,2347.0,B
ANZ.AX,20-10-2005,23.56,100.0,2356.0,S
ANZ.AX,24-10-2005,23.62,100.0,2362.0,B
ANZ.AX,25-10-2005,23.19,100.0,2319.0,S
ANZ.AX,26-10-2005,23.45,100.0,2345.0,B
ANZ.AX,27-10-2005,23.37,100.0,2337.0,S
ANZ.AX,28-10-2005,23.19,100.0,2319.0,B
ANZ.AX,09-11-2005,23.05,100.0,2305.0,S
ANZ.AX,11-11-2005,23.35,100.0,2335.0,B
ANZ.AX,17-11-2005,24.05,100.0,2405.0,S
ANZ.AX,21-11-2005,23.92,100.0,2392.0,B
ANZ.AX,22-11-2005,23.65,100.0,2365.0,S
ANZ.AX,28-11-2005,23.81,100.0,2381.0,B
ANZ.AX,29-11-2005,23.7,100.0,2370.0,S
ANZ.AX,30-11-2005,23.91,100.0,2391.0,B
ANZ.AX,01-12-2005,23.51,100.0,2351.0,S
ANZ.AX,02-12-2005,23.81,100.0,2381.0,B
ANZ.AX,07-12-2005,23.45,100.0,2345.0,S
ANZ.AX,12-12-2005,23.2,100.0,2320.0,B
ANZ.AX,15-12-2005,23.05,100.0,2305.0,S
ANZ.AX,16-12-2005,23.26,100.0,2326.0,B
ANZ.AX,22-12-2005,24.04,100.0,2404.0,S
ANZ.AX,28-12-2005,24.21,100.0,2421.0,B
ANZ.AX,06-01-2006,24.22,100.0,2422.0,S
ANZ.AX,09-01-2006,24.34,100.0,2434.0,B
ANZ.AX,12-01-2006,24.4,100.0,2440.0,S
ANZ.AX,16-01-2006,24.37,100.0,2437.0,B
ANZ.AX,18-01-2006,24.2,100.0,2420.0,S
ANZ.AX,23-01-2006,24.28,100.0,2428.0,B
ANZ.AX,01-02-2006,25.19,100.0,2519.0,S
ANZ.AX,06-02-2006,25.1,100.0,2510.0,B
ANZ.AX,09-02-2006,24.95,100.0,2495.0,S
ANZ.AX,13-02-2006,24.6,100.0,2460.0,B
ANZ.AX,16-02-2006,24.85,100.0,2485.0,S
ANZ.AX,20-02-2006,24.91,100.0,2491.0,B
ANZ.AX,23-02-2006,25.64,100.0,2564.0,S
ANZ.AX,27-02-2006,25.66,100.0,2566.0,B
ANZ.AX,01-03-2006,25.35,100.0,2535.0,S
ANZ.AX,06-03-2006,25.69,100.0,2569.0,B
ANZ.AX,07-03-2006,25.7,100.0,2570.0,S
ANZ.AX,08-03-2006,25.81,100.0,2581.0,B
ANZ.AX,09-03-2006,26.01,100.0,2601.0,S
ANZ.AX,13-03-2006,26.31,100.0,2631.0,B
ANZ.AX,14-03-2006,26.16,100.0,2616.0,S
ANZ.AX,20-03-2006,26.06,100.0,2606.0,B
ANZ.AX,23-03-2006,26.27,100.0,2627.0,S
ANZ.AX,27-03-2006,26.15,100.0,2615.0,B
ANZ.AX,28-03-2006,26.09,100.0,2609.0,S
ANZ.AX,03-04-2006,26.76,100.0,2676.0,B
ANZ.AX,04-04-2006,26.39,100.0,2639.0,S
ANZ.AX,05-04-2006,26.78,100.0,2678.0,B
ANZ.AX,06-04-2006,26.63,100.0,2663.0,S
ANZ.AX,07-04-2006,26.77,100.0,2677.0,B
ANZ.AX,13-04-2006,27.07,100.0,2707.0,S
ANZ.AX,18-04-2006,27.3,100.0,2730.0,B
ANZ.AX,21-04-2006,27.55,100.0,2755.0,S
ANZ.AX,24-04-2006,27.68,100.0,2768.0,B
ANZ.AX,28-04-2006,27.95,100.0,2795.0,S
ANZ.AX,05-05-2006,27.92,100.0,2792.0,B
ANZ.AX,11-05-2006,28.38,100.0,2838.0,S
ANZ.AX,15-05-2006,27.45,100.0,2745.0,B
ANZ.AX,17-05-2006,27.0,100.0,2700.0,S
ANZ.AX,22-05-2006,26.1,100.0,2610.0,B
ANZ.AX,25-05-2006,26.43,100.0,2643.0,S
ANZ.AX,29-05-2006,26.95,100.0,2695.0,B
ANZ.AX,31-05-2006,26.45,100.0,2645.0,S
ANZ.AX,05-06-2006,26.79,100.0,2679.0,B
ANZ.AX,06-06-2006,26.31,100.0,2631.0,S
ANZ.AX,09-06-2006,26.3,100.0,2630.0,B
ANZ.AX,15-06-2006,25.25,100.0,2525.0,S
ANZ.AX,19-06-2006,25.19,100.0,2519.0,B
ANZ.AX,22-06-2006,26.25,100.0,2625.0,S
ANZ.AX,26-06-2006,26.05,100.0,2605.0,B
ANZ.AX,27-06-2006,26.2,100.0,2620.0,S
ANZ.AX,03-07-2006,26.69,100.0,2669.0,B
ANZ.AX,04-07-2006,26.64,100.0,2664.0,S
ANZ.AX,10-07-2006,26.84,100.0,2684.0,B
ANZ.AX,12-07-2006,26.45,100.0,2645.0,S
ANZ.AX,17-07-2006,25.0,100.0,2500.0,B
ANZ.AX,20-07-2006,25.29,100.0,2529.0,S
ANZ.AX,21-07-2006,25.38,100.0,2538.0,B
ANZ.AX,25-07-2006,25.61,100.0,2561.0,S
ANZ.AX,31-07-2006,25.25,100.0,2525.0,B
ANZ.AX,03-08-2006,25.74,100.0,2574.0,S
ANZ.AX,07-08-2006,25.69,100.0,2569.0,B
ANZ.AX,10-08-2006,26.4,100.0,2640.0,S
ANZ.AX,14-08-2006,26.55,100.0,2655.0,B
ANZ.AX,17-08-2006,27.15,100.0,2715.0,S
ANZ.AX,21-08-2006,26.97,100.0,2697.0,B
ANZ.AX,22-08-2006,26.81,100.0,2681.0,S
ANZ.AX,25-08-2006,26.45,100.0,2645.0,B
ANZ.AX,31-08-2006,27.25,100.0,2725.0,S
ANZ.AX,04-09-2006,27.22,100.0,2722.0,B
ANZ.AX,07-09-2006,27.23,100.0,2723.0,S
ANZ.AX,11-09-2006,27.2,100.0,2720.0,B
ANZ.AX,14-09-2006,27.34,100.0,2734.0,S
ANZ.AX,18-09-2006,27.3,100.0,2730.0,B
ANZ.AX,19-09-2006,27.0,100.0,2700.0,S
ANZ.AX,25-09-2006,26.1,100.0,2610.0,B
ANZ.AX,28-09-2006,26.8,100.0,2680.0,S
ANZ.AX,02-10-2006,26.95,100.0,2695.0,B
ANZ.AX,05-10-2006,27.55,100.0,2755.0,S
ANZ.AX,09-10-2006,27.34,100.0,2734.0,B
ANZ.AX,10-10-2006,27.35,100.0,2735.0,S
ANZ.AX,11-10-2006,27.78,100.0,2778.0,B
ANZ.AX,12-10-2006,27.81,100.0,2781.0,S
ANZ.AX,16-10-2006,27.8,100.0,2780.0,B
ANZ.AX,19-10-2006,28.1,100.0,2810.0,S
ANZ.AX,20-10-2006,28.23,100.0,2823.0,B
ANZ.AX,26-10-2006,28.75,100.0,2875.0,S
ANZ.AX,30-10-2006,28.75,100.0,2875.0,B
ANZ.AX,02-11-2006,29.59,100.0,2959.0,S
ANZ.AX,06-11-2006,29.4,100.0,2940.0,B
ANZ.AX,09-11-2006,28.91,100.0,2891.0,S
ANZ.AX,13-11-2006,28.6,100.0,2860.0,B
ANZ.AX,16-11-2006,28.65,100.0,2865.0,S
ANZ.AX,20-11-2006,27.87,100.0,2787.0,B
ANZ.AX,23-11-2006,28.25,100.0,2825.0,S
ANZ.AX,27-11-2006,27.96,100.0,2796.0,B
ANZ.AX,28-11-2006,27.62,100.0,2762.0,S
ANZ.AX,29-11-2006,28.28,100.0,2828.0,B
ANZ.AX,30-11-2006,28.45,100.0,2845.0,S
ANZ.AX,04-12-2006,27.82,100.0,2782.0,B
ANZ.AX,05-12-2006,27.49,100.0,2749.0,S
ANZ.AX,06-12-2006,27.87,100.0,2787.0,B
ANZ.AX,07-12-2006,27.81,100.0,2781.0,S
ANZ.AX,11-12-2006,27.91,100.0,2791.0,B
ANZ.AX,14-12-2006,28.5,100.0,2850.0,S
ANZ.AX,18-12-2006,28.4,100.0,2840.0,B
ANZ.AX,19-12-2006,28.25,100.0,2825.0,S
ANZ.AX,22-12-2006,28.48,100.0,2848.0,B
ANZ.AX,28-12-2006,28.31,100.0,2831.0,S
ANZ.AX,08-01-2007,27.51,100.0,2751.0,B
ANZ.AX,11-01-2007,27.94,100.0,2794.0,S
ANZ.AX,15-01-2007,28.2,100.0,2820.0,B
ANZ.AX,16-01-2007,28.0,100.0,2800.0,S
ANZ.AX,19-01-2007,28.27,100.0,2827.0,B
ANZ.AX,25-01-2007,28.93,100.0,2893.0,S
ANZ.AX,29-01-2007,28.96,100.0,2896.0,B
ANZ.AX,31-01-2007,29.11,100.0,2911.0,S
ANZ.AX,05-02-2007,29.38,100.0,2938.0,B
ANZ.AX,08-02-2007,29.54,100.0,2954.0,S
ANZ.AX,12-02-2007,29.36,100.0,2936.0,B
ANZ.AX,15-02-2007,29.56,100.0,2956.0,S
ANZ.AX,19-02-2007,29.83,100.0,2983.0,B
ANZ.AX,22-02-2007,30.19,100.0,3019.0,S
ANZ.AX,26-02-2007,30.04,100.0,3004.0,B
ANZ.AX,27-02-2007,29.72,100.0,2972.0,S
ANZ.AX,05-03-2007,28.37,100.0,2837.0,B
ANZ.AX,08-03-2007,29.01,100.0,2901.0,S
ANZ.AX,12-03-2007,29.04,100.0,2904.0,B
ANZ.AX,14-03-2007,28.3,100.0,2830.0,S
ANZ.AX,16-03-2007,28.95,100.0,2895.0,B
ANZ.AX,20-03-2007,29.02,100.0,2902.0,S
ANZ.AX,26-03-2007,29.54,100.0,2954.0,B
ANZ.AX,27-03-2007,29.58,100.0,2958.0,S
ANZ.AX,02-04-2007,29.4,100.0,2940.0,B
ANZ.AX,05-04-2007,29.55,100.0,2955.0,S
ANZ.AX,10-04-2007,29.97,100.0,2997.0,B
ANZ.AX,13-04-2007,30.33,100.0,3033.0,S
ANZ.AX,16-04-2007,30.75,100.0,3075.0,B
ANZ.AX,19-04-2007,30.9,100.0,3090.0,S
ANZ.AX,23-04-2007,31.08,100.0,3108.0,B
ANZ.AX,27-04-2007,30.46,100.0,3046.0,S
ANZ.AX,30-04-2007,30.6,100.0,3060.0,B
ANZ.AX,01-05-2007,30.4,100.0,3040.0,S
ANZ.AX,02-05-2007,30.79,100.0,3079.0,B
ANZ.AX,03-05-2007,30.74,100.0,3074.0,S
ANZ.AX,07-05-2007,30.58,100.0,3058.0,B
ANZ.AX,10-05-2007,30.8,100.0,3080.0,S
ANZ.AX,14-05-2007,29.99,100.0,2999.0,B
ANZ.AX,15-05-2007,29.69,100.0,2969.0,S
ANZ.AX,18-05-2007,29.87,100.0,2987.0,B
ANZ.AX,22-05-2007,29.62,100.0,2962.0,S
ANZ.AX,28-05-2007,29.04,100.0,2904.0,B
ANZ.AX,31-05-2007,28.84,100.0,2884.0,S
ANZ.AX,04-06-2007,29.26,100.0,2926.0,B
ANZ.AX,07-06-2007,29.51,100.0,2951.0,S
ANZ.AX,12-06-2007,29.02,100.0,2902.0,B
ANZ.AX,13-06-2007,28.67,100.0,2867.0,S
ANZ.AX,14-06-2007,28.85,100.0,2885.0,B
ANZ.AX,15-06-2007,28.99,100.0,2899.0,S
ANZ.AX,18-06-2007,29.27,100.0,2927.0,B
ANZ.AX,21-06-2007,29.4,100.0,2940.0,S
ANZ.AX,25-06-2007,29.3,100.0,2930.0,B
ANZ.AX,27-06-2007,28.65,100.0,2865.0,S
ANZ.AX,02-07-2007,28.71,100.0,2871.0,B
ANZ.AX,05-07-2007,29.39,100.0,2939.0,S
ANZ.AX,09-07-2007,29.48,100.0,2948.0,B
ANZ.AX,10-07-2007,29.56,100.0,2956.0,S
ANZ.AX,16-07-2007,29.43,100.0,2943.0,B
ANZ.AX,19-07-2007,29.64,100.0,2964.0,S
ANZ.AX,23-07-2007,29.39,100.0,2939.0,B
ANZ.AX,26-07-2007,28.78,100.0,2878.0,S
ANZ.AX,30-07-2007,28.15,100.0,2815.0,B
ANZ.AX,02-08-2007,27.95,100.0,2795.0,S
ANZ.AX,06-08-2007,27.92,100.0,2792.0,B
ANZ.AX,09-08-2007,28.97,100.0,2897.0,S
ANZ.AX,13-08-2007,28.59,100.0,2859.0,B
ANZ.AX,14-08-2007,28.2,100.0,2820.0,S
ANZ.AX,17-08-2007,27.54,100.0,2754.0,B
ANZ.AX,22-08-2007,28.79,100.0,2879.0,S
ANZ.AX,27-08-2007,29.57,100.0,2957.0,B
ANZ.AX,28-08-2007,29.31,100.0,2931.0,S
ANZ.AX,31-08-2007,28.99,100.0,2899.0,B
ANZ.AX,05-09-2007,28.98,100.0,2898.0,S
ANZ.AX,10-09-2007,28.31,100.0,2831.0,B
ANZ.AX,13-09-2007,28.32,100.0,2832.0,S
ANZ.AX,17-09-2007,28.45,100.0,2845.0,B
ANZ.AX,18-09-2007,27.8,100.0,2780.0,S
ANZ.AX,19-09-2007,28.57,100.0,2857.0,B
ANZ.AX,20-09-2007,28.42,100.0,2842.0,S
ANZ.AX,21-09-2007,28.4,100.0,2840.0,B
ANZ.AX,27-09-2007,29.41,100.0,2941.0,S
ANZ.AX,28-09-2007,29.7,100.0,2970.0,B
ANZ.AX,04-10-2007,30.45,100.0,3045.0,S
ANZ.AX,08-10-2007,30.86,100.0,3086.0,B
ANZ.AX,11-10-2007,31.55,100.0,3155.0,S
ANZ.AX,15-10-2007,31.33,100.0,3133.0,B
ANZ.AX,16-10-2007,30.9,100.0,3090.0,S
ANZ.AX,19-10-2007,30.93,100.0,3093.0,B
ANZ.AX,25-10-2007,29.96,100.0,2996.0,S
ANZ.AX,29-10-2007,29.95,100.0,2995.0,B
ANZ.AX,01-11-2007,30.42,100.0,3042.0,S
ANZ.AX,05-11-2007,29.79,100.0,2979.0,B
ANZ.AX,08-11-2007,28.49,100.0,2849.0,S
ANZ.AX,12-11-2007,27.4,100.0,2740.0,B
ANZ.AX,15-11-2007,28.14,100.0,2814.0,S
ANZ.AX,19-11-2007,28.05,100.0,2805.0,B
ANZ.AX,22-11-2007,27.56,100.0,2756.0,S
ANZ.AX,26-11-2007,27.62,100.0,2762.0,B
ANZ.AX,29-11-2007,27.65,100.0,2765.0,S
ANZ.AX,30-11-2007,28.16,100.0,2816.0,B
ANZ.AX,05-12-2007,27.74,100.0,2774.0,S
ANZ.AX,07-12-2007,28.48,100.0,2848.0,B
ANZ.AX,12-12-2007,28.1,100.0,2810.0,S
ANZ.AX,17-12-2007,26.95,100.0,2695.0,B
ANZ.AX,20-12-2007,26.85,100.0,2685.0,S
ANZ.AX,24-12-2007,27.27,100.0,2727.0,B
ANZ.AX,28-12-2007,27.52,100.0,2752.0,S
ANZ.AX,08-01-2008,26.75,100.0,2675.0,B
ANZ.AX,09-01-2008,26.35,100.0,2635.0,S
ANZ.AX,14-01-2008,25.68,100.0,2568.0,B
ANZ.AX,17-01-2008,26.2,100.0,2620.0,S
ANZ.AX,18-01-2008,26.93,100.0,2693.0,B
ANZ.AX,22-01-2008,24.35,100.0,2435.0,S
ANZ.AX,25-01-2008,27.49,100.0,2749.0,B
ANZ.AX,30-01-2008,25.99,100.0,2599.0,S
ANZ.AX,04-02-2008,26.7,100.0,2670.0,B
ANZ.AX,05-02-2008,26.4,100.0,2640.0,S
ANZ.AX,08-02-2008,25.6,100.0,2560.0,B
ANZ.AX,13-02-2008,23.8,100.0,2380.0,S
ANZ.AX,18-02-2008,22.46,100.0,2246.0,B
ANZ.AX,19-02-2008,22.6,100.0,2260.0,S
ANZ.AX,25-02-2008,22.6,100.0,2260.0,B
ANZ.AX,28-02-2008,22.7,100.0,2270.0,S
ANZ.AX,03-03-2008,20.93,100.0,2093.0,B
ANZ.AX,06-03-2008,21.19,100.0,2119.0,S
ANZ.AX,10-03-2008,19.99,100.0,1999.0,B
ANZ.AX,13-03-2008,21.47,100.0,2147.0,S
ANZ.AX,17-03-2008,20.54,100.0,2054.0,B
ANZ.AX,20-03-2008,22.98,100.0,2298.0,S
ANZ.AX,25-03-2008,24.33,100.0,2433.0,B
ANZ.AX,26-03-2008,24.12,100.0,2412.0,S
ANZ.AX,31-03-2008,22.55,100.0,2255.0,B
ANZ.AX,03-04-2008,24.14,100.0,2414.0,S
ANZ.AX,07-04-2008,22.01,100.0,2201.0,B
ANZ.AX,08-04-2008,21.67,100.0,2167.0,S
ANZ.AX,11-04-2008,20.94,100.0,2094.0,B
ANZ.AX,17-04-2008,20.72,100.0,2072.0,S
ANZ.AX,21-04-2008,21.5,100.0,2150.0,B
ANZ.AX,22-04-2008,21.14,100.0,2114.0,S
ANZ.AX,23-04-2008,22.03,100.0,2203.0,B
ANZ.AX,24-04-2008,21.51,100.0,2151.0,S
ANZ.AX,28-04-2008,22.2,100.0,2220.0,B
ANZ.AX,29-04-2008,22.06,100.0,2206.0,S
ANZ.AX,30-04-2008,21.9,100.0,2190.0,B
ANZ.AX,01-05-2008,21.67,100.0,2167.0,S
ANZ.AX,02-05-2008,22.86,100.0,2286.0,B
ANZ.AX,07-05-2008,22.3,100.0,2230.0,S
ANZ.AX,09-05-2008,23.0,100.0,2300.0,B
ANZ.AX,13-05-2008,23.13,100.0,2313.0,S
ANZ.AX,16-05-2008,22.95,100.0,2295.0,B
ANZ.AX,21-05-2008,21.59,100.0,2159.0,S
ANZ.AX,26-05-2008,21.15,100.0,2115.0,B
ANZ.AX,29-05-2008,21.35,100.0,2135.0,S
ANZ.AX,02-06-2008,20.9,100.0,2090.0,B
ANZ.AX,03-06-2008,20.38,100.0,2038.0,S
ANZ.AX,06-06-2008,20.74,100.0,2074.0,B
ANZ.AX,12-06-2008,19.57,100.0,1957.0,S
ANZ.AX,16-06-2008,19.4,100.0,1940.0,B
ANZ.AX,18-06-2008,19.51,100.0,1951.0,S
ANZ.AX,23-06-2008,18.6,100.0,1860.0,B
ANZ.AX,26-06-2008,19.0,100.0,1900.0,S
ANZ.AX,27-06-2008,18.95,100.0,1895.0,B
ANZ.AX,01-07-2008,17.77,100.0,1777.0,S
ANZ.AX,02-07-2008,18.3,100.0,1830.0,B
ANZ.AX,03-07-2008,18.71,100.0,1871.0,S
ANZ.AX,04-07-2008,19.52,100.0,1952.0,B
ANZ.AX,08-07-2008,18.6,100.0,1860.0,S
ANZ.AX,14-07-2008,17.8,100.0,1780.0,B
ANZ.AX,15-07-2008,17.12,100.0,1712.0,S
ANZ.AX,16-07-2008,18.09,100.0,1809.0,B
ANZ.AX,17-07-2008,18.39,100.0,1839.0,S
ANZ.AX,18-07-2008,18.21,100.0,1821.0,B
ANZ.AX,22-07-2008,18.07,100.0,1807.0,S
ANZ.AX,23-07-2008,18.9,100.0,1890.0,B
ANZ.AX,24-07-2008,19.45,100.0,1945.0,S
ANZ.AX,28-07-2008,15.81,100.0,1581.0,B
ANZ.AX,29-07-2008,15.53,100.0,1553.0,S
ANZ.AX,30-07-2008,16.1,100.0,1610.0,B
ANZ.AX,31-07-2008,16.25,100.0,1625.0,S
ANZ.AX,01-08-2008,16.17,100.0,1617.0,B
ANZ.AX,07-08-2008,17.99,100.0,1799.0,S
ANZ.AX,11-08-2008,17.78,100.0,1778.0,B
ANZ.AX,12-08-2008,17.47,100.0,1747.0,S
ANZ.AX,15-08-2008,16.9,100.0,1690.0,B
ANZ.AX,19-08-2008,16.15,100.0,1615.0,S
ANZ.AX,22-08-2008,15.67,100.0,1567.0,B
ANZ.AX,28-08-2008,16.2,100.0,1620.0,S
ANZ.AX,29-08-2008,16.61,100.0,1661.0,B
ANZ.AX,03-09-2008,16.8,100.0,1680.0,S
ANZ.AX,08-09-2008,17.6,100.0,1760.0,B
ANZ.AX,09-09-2008,17.41,100.0,1741.0,S
ANZ.AX,10-09-2008,17.61,100.0,1761.0,B
ANZ.AX,11-09-2008,16.85,100.0,1685.0,S
ANZ.AX,12-09-2008,17.25,100.0,1725.0,B
ANZ.AX,17-09-2008,16.0,100.0,1600.0,S
ANZ.AX,19-09-2008,17.71,100.0,1771.0,B
ANZ.AX,23-09-2008,18.04,100.0,1804.0,S
ANZ.AX,26-09-2008,19.0,100.0,1900.0,B
ANZ.AX,02-10-2008,18.98,100.0,1898.0,S
ANZ.AX,06-10-2008,18.05,100.0,1805.0,B
ANZ.AX,08-10-2008,17.0,100.0,1700.0,S
ANZ.AX,13-10-2008,17.3,100.0,1730.0,B
ANZ.AX,16-10-2008,17.33,100.0,1733.0,S
ANZ.AX,20-10-2008,17.73,100.0,1773.0,B
ANZ.AX,23-10-2008,18.01,100.0,1801.0,S
ANZ.AX,27-10-2008,17.0,100.0,1700.0,B
ANZ.AX,30-10-2008,17.56,100.0,1756.0,S
ANZ.AX,03-11-2008,18.5,100.0,1850.0,B
ANZ.AX,06-11-2008,16.95,100.0,1695.0,S
ANZ.AX,10-11-2008,15.9,100.0,1590.0,B
ANZ.AX,13-11-2008,14.05,100.0,1405.0,S
ANZ.AX,17-11-2008,13.24,100.0,1324.0,B
ANZ.AX,20-11-2008,13.0,100.0,1300.0,S
ANZ.AX,21-11-2008,13.36,100.0,1336.0,B
ANZ.AX,26-11-2008,14.05,100.0,1405.0,S
ANZ.AX,01-12-2008,14.38,100.0,1438.0,B
ANZ.AX,02-12-2008,13.95,100.0,1395.0,S
ANZ.AX,05-12-2008,14.6,100.0,1460.0,B
ANZ.AX,09-12-2008,14.1,100.0,1410.0,S
ANZ.AX,12-12-2008,14.56,100.0,1456.0,B
ANZ.AX,16-12-2008,14.36,100.0,1436.0,S
ANZ.AX,19-12-2008,14.64,100.0,1464.0,B
ANZ.AX,23-12-2008,14.87,100.0,1487.0,S
ANZ.AX,05-01-2009,15.07,100.0,1507.0,B
ANZ.AX,07-01-2009,15.35,100.0,1535.0,S
ANZ.AX,12-01-2009,15.08,100.0,1508.0,B
ANZ.AX,15-01-2009,14.57,100.0,1457.0,S
ANZ.AX,19-01-2009,14.43,100.0,1443.0,B
ANZ.AX,21-01-2009,13.17,100.0,1317.0,S
ANZ.AX,27-01-2009,12.4,100.0,1240.0,B
ANZ.AX,30-01-2009,13.27,100.0,1327.0,S
ANZ.AX,02-02-2009,13.26,100.0,1326.0,B
ANZ.AX,04-02-2009,13.28,100.0,1328.0,S
ANZ.AX,09-02-2009,12.46,100.0,1246.0,B
ANZ.AX,11-02-2009,12.02,100.0,1202.0,S
ANZ.AX,13-02-2009,12.96,100.0,1296.0,B
ANZ.AX,17-02-2009,12.42,100.0,1242.0,S
ANZ.AX,20-02-2009,12.45,100.0,1245.0,B
ANZ.AX,26-02-2009,13.05,100.0,1305.0,S
ANZ.AX,02-03-2009,13.1,100.0,1310.0,B
ANZ.AX,03-03-2009,12.96,100.0,1296.0,S
ANZ.AX,09-03-2009,12.53,100.0,1253.0,B
ANZ.AX,12-03-2009,12.86,100.0,1286.0,S
ANZ.AX,13-03-2009,13.49,100.0,1349.0,B
ANZ.AX,18-03-2009,14.8,100.0,1480.0,S
ANZ.AX,23-03-2009,15.25,100.0,1525.0,B
ANZ.AX,26-03-2009,16.8,100.0,1680.0,S
ANZ.AX,30-03-2009,15.85,100.0,1585.0,B
ANZ.AX,31-03-2009,15.75,100.0,1575.0,S
ANZ.AX,01-04-2009,15.88,100.0,1588.0,B
ANZ.AX,02-04-2009,16.34,100.0,1634.0,S
ANZ.AX,03-04-2009,17.4,100.0,1740.0,B
ANZ.AX,07-04-2009,17.0,100.0,1700.0,S
ANZ.AX,14-04-2009,17.32,100.0,1732.0,B
ANZ.AX,16-04-2009,16.81,100.0,1681.0,S
ANZ.AX,20-04-2009,17.05,100.0,1705.0,B
ANZ.AX,21-04-2009,16.37,100.0,1637.0,S
ANZ.AX,24-04-2009,16.91,100.0,1691.0,B
ANZ.AX,28-04-2009,16.63,100.0,1663.0,S
ANZ.AX,01-05-2009,16.0,100.0,1600.0,B
ANZ.AX,05-05-2009,16.55,100.0,1655.0,S
ANZ.AX,11-05-2009,16.22,100.0,1622.0,B
ANZ.AX,12-05-2009,15.97,100.0,1597.0,S
ANZ.AX,18-05-2009,15.3,100.0,1530.0,B
ANZ.AX,21-05-2009,15.63,100.0,1563.0,S
ANZ.AX,25-05-2009,15.2,100.0,1520.0,B
ANZ.AX,29-05-2009,15.9,100.0,1590.0,S
ANZ.AX,01-06-2009,16.19,100.0,1619.0,B
ANZ.AX,02-06-2009,15.98,100.0,1598.0,S
ANZ.AX,09-06-2009,16.41,100.0,1641.0,B
ANZ.AX,12-06-2009,17.3,100.0,1730.0,S
ANZ.AX,15-06-2009,17.3,100.0,1730.0,B
ANZ.AX,16-06-2009,16.8,100.0,1680.0,S
ANZ.AX,19-06-2009,16.55,100.0,1655.0,B
ANZ.AX,23-06-2009,16.03,100.0,1603.0,S
ANZ.AX,26-06-2009,16.4,100.0,1640.0,B
ANZ.AX,01-07-2009,16.25,100.0,1625.0,S
ANZ.AX,06-07-2009,15.98,100.0,1598.0,B
ANZ.AX,09-07-2009,15.85,100.0,1585.0,S
ANZ.AX,10-07-2009,16.03,100.0,1603.0,B
ANZ.AX,16-07-2009,16.65,100.0,1665.0,S
ANZ.AX,20-07-2009,16.87,100.0,1687.0,B
ANZ.AX,21-07-2009,16.77,100.0,1677.0,S
ANZ.AX,24-07-2009,16.95,100.0,1695.0,B
ANZ.AX,29-07-2009,17.12,100.0,1712.0,S
ANZ.AX,31-07-2009,18.53,100.0,1853.0,B
ANZ.AX,05-08-2009,19.23,100.0,1923.0,S
ANZ.AX,10-08-2009,19.29,100.0,1929.0,B
ANZ.AX,13-08-2009,20.2,100.0,2020.0,S
ANZ.AX,17-08-2009,20.25,100.0,2025.0,B
ANZ.AX,18-08-2009,20.37,100.0,2037.0,S
ANZ.AX,24-08-2009,19.81,100.0,1981.0,B
ANZ.AX,27-08-2009,20.32,100.0,2032.0,S
ANZ.AX,31-08-2009,21.29,100.0,2129.0,B
ANZ.AX,02-09-2009,21.18,100.0,2118.0,S
ANZ.AX,07-09-2009,21.35,100.0,2135.0,B
ANZ.AX,10-09-2009,22.31,100.0,2231.0,S
ANZ.AX,14-09-2009,22.01,100.0,2201.0,B
ANZ.AX,17-09-2009,22.85,100.0,2285.0,S
ANZ.AX,18-09-2009,23.18,100.0,2318.0,B
ANZ.AX,24-09-2009,23.49,100.0,2349.0,S
ANZ.AX,28-09-2009,24.33,100.0,2433.0,B
ANZ.AX,30-09-2009,24.39,100.0,2439.0,S
ANZ.AX,05-10-2009,23.1,100.0,2310.0,B
ANZ.AX,08-10-2009,24.74,100.0,2474.0,S
ANZ.AX,12-10-2009,24.21,100.0,2421.0,B
ANZ.AX,13-10-2009,24.64,100.0,2464.0,S
ANZ.AX,14-10-2009,24.8,100.0,2480.0,B
ANZ.AX,15-10-2009,24.91,100.0,2491.0,S
ANZ.AX,19-10-2009,23.73,100.0,2373.0,B
ANZ.AX,22-10-2009,23.53,100.0,2353.0,S
ANZ.AX,23-10-2009,23.85,100.0,2385.0,B
ANZ.AX,28-10-2009,23.35,100.0,2335.0,S
ANZ.AX,30-10-2009,23.06,100.0,2306.0,B
ANZ.AX,05-11-2009,22.07,100.0,2207.0,S
ANZ.AX,06-11-2009,22.4,100.0,2240.0,B
ANZ.AX,12-11-2009,22.94,100.0,2294.0,S
ANZ.AX,16-11-2009,22.18,100.0,2218.0,B
ANZ.AX,17-11-2009,21.89,100.0,2189.0,S
ANZ.AX,18-11-2009,22.16,100.0,2216.0,B
ANZ.AX,19-11-2009,22.25,100.0,2225.0,S
ANZ.AX,23-11-2009,21.9,100.0,2190.0,B
ANZ.AX,26-11-2009,21.98,100.0,2198.0,S
ANZ.AX,30-11-2009,22.15,100.0,2215.0,B
ANZ.AX,03-12-2009,22.2,100.0,2220.0,S
ANZ.AX,07-12-2009,21.95,100.0,2195.0,B
ANZ.AX,10-12-2009,21.5,100.0,2150.0,S
ANZ.AX,14-12-2009,21.16,100.0,2116.0,B
ANZ.AX,17-12-2009,21.58,100.0,2158.0,S
ANZ.AX,21-12-2009,20.95,100.0,2095.0,B
ANZ.AX,24-12-2009,22.39,100.0,2239.0,S
ANZ.AX,29-12-2009,22.7,100.0,2270.0,B
ANZ.AX,31-12-2009,22.88,100.0,2288.0,S
ANZ.AX,11-01-2010,22.39,100.0,2239.0,B
ANZ.AX,14-01-2010,22.4,100.0,2240.0,S
ANZ.AX,18-01-2010,23.17,100.0,2317.0,B
ANZ.AX,21-01-2010,23.26,100.0,2326.0,S
ANZ.AX,25-01-2010,22.29,100.0,2229.0,B
ANZ.AX,29-01-2010,21.73,100.0,2173.0,S
ANZ.AX,03-02-2010,21.77,100.0,2177.0,B
ANZ.AX,04-02-2010,21.42,100.0,2142.0,S
ANZ.AX,08-02-2010,20.97,100.0,2097.0,B
ANZ.AX,11-02-2010,20.75,100.0,2075.0,S
ANZ.AX,12-02-2010,20.59,100.0,2059.0,B
ANZ.AX,18-02-2010,22.05,100.0,2205.0,S
ANZ.AX,22-02-2010,22.54,100.0,2254.0,B
ANZ.AX,25-02-2010,22.25,100.0,2225.0,S
ANZ.AX,26-02-2010,23.14,100.0,2314.0,B
ANZ.AX,03-03-2010,23.88,100.0,2388.0,S
ANZ.AX,08-03-2010,23.8,100.0,2380.0,B
ANZ.AX,11-03-2010,24.06,100.0,2406.0,S
ANZ.AX,15-03-2010,24.02,100.0,2402.0,B
ANZ.AX,18-03-2010,24.88,100.0,2488.0,S
ANZ.AX,22-03-2010,24.7,100.0,2470.0,B
ANZ.AX,24-03-2010,25.37,100.0,2537.0,S
ANZ.AX,29-03-2010,25.43,100.0,2543.0,B
ANZ.AX,01-04-2010,25.29,100.0,2529.0,S
ANZ.AX,06-04-2010,25.45,100.0,2545.0,B
ANZ.AX,08-04-2010,25.18,100.0,2518.0,S
ANZ.AX,12-04-2010,25.36,100.0,2536.0,B
ANZ.AX,15-04-2010,25.97,100.0,2597.0,S
ANZ.AX,19-04-2010,25.08,100.0,2508.0,B
ANZ.AX,22-04-2010,25.25,100.0,2525.0,S
ANZ.AX,27-04-2010,25.17,100.0,2517.0,B
ANZ.AX,29-04-2010,24.2,100.0,2420.0,S
ANZ.AX,03-05-2010,24.74,100.0,2474.0,B
ANZ.AX,05-05-2010,24.11,100.0,2411.0,S
ANZ.AX,10-05-2010,22.78,100.0,2278.0,B
ANZ.AX,13-05-2010,23.29,100.0,2329.0,S
ANZ.AX,17-05-2010,22.15,100.0,2215.0,B
ANZ.AX,18-05-2010,21.73,100.0,2173.0,S
ANZ.AX,21-05-2010,21.0,100.0,2100.0,B
ANZ.AX,27-05-2010,22.09,100.0,2209.0,S
ANZ.AX,28-05-2010,22.52,100.0,2252.0,B
ANZ.AX,01-06-2010,22.3,100.0,2230.0,S
ANZ.AX,07-06-2010,22.02,100.0,2202.0,B
ANZ.AX,08-06-2010,22.31,100.0,2231.0,S
ANZ.AX,15-06-2010,23.01,100.0,2301.0,B
ANZ.AX,17-06-2010,22.95,100.0,2295.0,S
ANZ.AX,21-06-2010,23.59,100.0,2359.0,B
ANZ.AX,23-06-2010,22.88,100.0,2288.0,S
ANZ.AX,28-06-2010,22.29,100.0,2229.0,B
ANZ.AX,29-06-2010,21.87,100.0,2187.0,S
ANZ.AX,05-07-2010,20.89,100.0,2089.0,B
ANZ.AX,08-07-2010,22.14,100.0,2214.0,S
ANZ.AX,12-07-2010,22.43,100.0,2243.0,B
ANZ.AX,13-07-2010,22.25,100.0,2225.0,S
ANZ.AX,14-07-2010,22.8,100.0,2280.0,B
ANZ.AX,15-07-2010,22.6,100.0,2260.0,S
ANZ.AX,19-07-2010,22.02,100.0,2202.0,B
ANZ.AX,22-07-2010,22.1,100.0,2210.0,S
ANZ.AX,26-07-2010,22.73,100.0,2273.0,B
ANZ.AX,29-07-2010,23.19,100.0,2319.0,S
ANZ.AX,02-08-2010,23.32,100.0,2332.0,B
ANZ.AX,05-08-2010,23.21,100.0,2321.0,S
ANZ.AX,09-08-2010,23.1,100.0,2310.0,B
ANZ.AX,10-08-2010,22.63,100.0,2263.0,S
ANZ.AX,13-08-2010,22.18,100.0,2218.0,B
ANZ.AX,19-08-2010,22.4,100.0,2240.0,S
ANZ.AX,23-08-2010,22.95,100.0,2295.0,B
ANZ.AX,25-08-2010,22.19,100.0,2219.0,S
ANZ.AX,27-08-2010,22.44,100.0,2244.0,B
ANZ.AX,31-08-2010,22.59,100.0,2259.0,S
ANZ.AX,01-09-2010,23.14,100.0,2314.0,B
ANZ.AX,02-09-2010,23.43,100.0,2343.0,S
ANZ.AX,06-09-2010,23.66,100.0,2366.0,B
ANZ.AX,09-09-2010,23.76,100.0,2376.0,S
ANZ.AX,13-09-2010,24.01,100.0,2401.0,B
ANZ.AX,14-09-2010,24.02,100.0,2402.0,S
ANZ.AX,20-09-2010,23.96,100.0,2396.0,B
ANZ.AX,23-09-2010,23.87,100.0,2387.0,S
ANZ.AX,27-09-2010,24.2,100.0,2420.0,B
ANZ.AX,30-09-2010,23.68,100.0,2368.0,S
ANZ.AX,04-10-2010,23.68,100.0,2368.0,B
ANZ.AX,07-10-2010,24.14,100.0,2414.0,S
ANZ.AX,11-10-2010,24.16,100.0,2416.0,B
ANZ.AX,12-10-2010,23.82,100.0,2382.0,S
ANZ.AX,18-10-2010,23.58,100.0,2358.0,B
ANZ.AX,21-10-2010,23.26,100.0,2326.0,S
ANZ.AX,25-10-2010,23.9,100.0,2390.0,B
ANZ.AX,28-10-2010,24.73,100.0,2473.0,S
ANZ.AX,01-11-2010,24.9,100.0,2490.0,B
ANZ.AX,02-11-2010,25.03,100.0,2503.0,S
ANZ.AX,08-11-2010,24.07,100.0,2407.0,B
ANZ.AX,11-11-2010,23.72,100.0,2372.0,S
ANZ.AX,15-11-2010,23.08,100.0,2308.0,B
ANZ.AX,18-11-2010,22.58,100.0,2258.0,S
ANZ.AX,22-11-2010,22.48,100.0,2248.0,B
ANZ.AX,25-11-2010,22.47,100.0,2247.0,S
ANZ.AX,29-11-2010,22.78,100.0,2278.0,B
ANZ.AX,30-11-2010,22.66,100.0,2266.0,S
ANZ.AX,06-12-2010,23.27,100.0,2327.0,B
ANZ.AX,07-12-2010,23.49,100.0,2349.0,S
ANZ.AX,13-12-2010,24.1,100.0,2410.0,B
ANZ.AX,14-12-2010,23.95,100.0,2395.0,S
ANZ.AX,20-12-2010,23.28,100.0,2328.0,B
ANZ.AX,23-12-2010,23.71,100.0,2371.0,S
ANZ.AX,29-12-2010,23.73,100.0,2373.0,B
ANZ.AX,31-12-2010,23.35,100.0,2335.0,S
ANZ.AX,06-01-2011,23.09,100.0,2309.0,B
ANZ.AX,07-01-2011,22.92,100.0,2292.0,S
ANZ.AX,10-01-2011,22.96,100.0,2296.0,B
ANZ.AX,13-01-2011,22.96,100.0,2296.0,S
ANZ.AX,17-01-2011,22.71,100.0,2271.0,B
ANZ.AX,20-01-2011,23.06,100.0,2306.0,S
ANZ.AX,24-01-2011,23.66,100.0,2366.0,B
ANZ.AX,28-01-2011,23.63,100.0,2363.0,S
ANZ.AX,31-01-2011,23.67,100.0,2367.0,B
ANZ.AX,01-02-2011,23.67,100.0,2367.0,S
ANZ.AX,04-02-2011,24.19,100.0,2419.0,B
ANZ.AX,10-02-2011,25.1,100.0,2510.0,S
ANZ.AX,14-02-2011,25.65,100.0,2565.0,B
ANZ.AX,15-02-2011,25.48,100.0,2548.0,S
ANZ.AX,16-02-2011,25.71,100.0,2571.0,B
ANZ.AX,17-02-2011,25.65,100.0,2565.0,S
ANZ.AX,21-02-2011,24.65,100.0,2465.0,B
ANZ.AX,24-02-2011,24.08,100.0,2408.0,S
ANZ.AX,25-02-2011,24.23,100.0,2423.0,B
ANZ.AX,02-03-2011,23.86,100.0,2386.0,S
ANZ.AX,04-03-2011,23.74,100.0,2374.0,B
ANZ.AX,10-03-2011,23.6,100.0,2360.0,S
ANZ.AX,14-03-2011,22.96,100.0,2296.0,B
ANZ.AX,17-03-2011,22.45,100.0,2245.0,S
ANZ.AX,18-03-2011,22.7,100.0,2270.0,B
ANZ.AX,24-03-2011,23.29,100.0,2329.0,S
ANZ.AX,28-03-2011,23.44,100.0,2344.0,B
ANZ.AX,31-03-2011,23.81,100.0,2381.0,S
ANZ.AX,04-04-2011,23.86,100.0,2386.0,B
ANZ.AX,07-04-2011,24.1,100.0,2410.0,S
ANZ.AX,11-04-2011,24.29,100.0,2429.0,B
ANZ.AX,12-04-2011,24.11,100.0,2411.0,S
ANZ.AX,18-04-2011,23.73,100.0,2373.0,B
ANZ.AX,21-04-2011,24.11,100.0,2411.0,S
ANZ.AX,27-04-2011,24.06,100.0,2406.0,B
ANZ.AX,29-04-2011,24.23,100.0,2423.0,S
ANZ.AX,09-05-2011,23.39,100.0,2339.0,B
ANZ.AX,10-05-2011,23.07,100.0,2307.0,S
ANZ.AX,11-05-2011,23.17,100.0,2317.0,B
ANZ.AX,12-05-2011,22.38,100.0,2238.0,S
ANZ.AX,13-05-2011,22.46,100.0,2246.0,B
ANZ.AX,19-05-2011,22.98,100.0,2298.0,S
ANZ.AX,23-05-2011,22.02,100.0,2202.0,B
ANZ.AX,24-05-2011,21.8,100.0,2180.0,S
ANZ.AX,30-05-2011,21.97,100.0,2197.0,B
ANZ.AX,02-06-2011,21.44,100.0,2144.0,S
ANZ.AX,06-06-2011,21.25,100.0,2125.0,B
ANZ.AX,09-06-2011,21.5,100.0,2150.0,S
ANZ.AX,14-06-2011,21.83,100.0,2183.0,B
ANZ.AX,16-06-2011,21.35,100.0,2135.0,S
ANZ.AX,20-06-2011,21.24,100.0,2124.0,B
ANZ.AX,23-06-2011,21.45,100.0,2145.0,S
ANZ.AX,27-06-2011,21.24,100.0,2124.0,B
ANZ.AX,30-06-2011,22.0,100.0,2200.0,S
ANZ.AX,04-07-2011,21.94,100.0,2194.0,B
ANZ.AX,05-07-2011,21.93,100.0,2193.0,S
ANZ.AX,11-07-2011,21.56,100.0,2156.0,B
ANZ.AX,12-07-2011,21.08,100.0,2108.0,S
ANZ.AX,15-07-2011,20.78,100.0,2078.0,B
ANZ.AX,21-07-2011,21.26,100.0,2126.0,S
ANZ.AX,22-07-2011,21.73,100.0,2173.0,B
ANZ.AX,27-07-2011,21.28,100.0,2128.0,S
ANZ.AX,01-08-2011,21.29,100.0,2129.0,B
ANZ.AX,03-08-2011,20.29,100.0,2029.0,S
ANZ.AX,08-08-2011,18.5,100.0,1850.0,B
ANZ.AX,11-08-2011,20.09,100.0,2009.0,S
ANZ.AX,15-08-2011,20.65,100.0,2065.0,B
ANZ.AX,16-08-2011,20.35,100.0,2035.0,S
ANZ.AX,17-08-2011,20.58,100.0,2058.0,B
ANZ.AX,18-08-2011,20.42,100.0,2042.0,S
ANZ.AX,22-08-2011,19.3,100.0,1930.0,B
ANZ.AX,25-08-2011,19.88,100.0,1988.0,S
ANZ.AX,29-08-2011,20.21,100.0,2021.0,B
ANZ.AX,30-08-2011,20.18,100.0,2018.0,S
ANZ.AX,05-09-2011,19.41,100.0,1941.0,B
ANZ.AX,08-09-2011,19.92,100.0,1992.0,S
ANZ.AX,12-09-2011,19.21,100.0,1921.0,B
ANZ.AX,14-09-2011,19.02,100.0,1902.0,S
ANZ.AX,16-09-2011,19.8,100.0,1980.0,B
ANZ.AX,20-09-2011,19.32,100.0,1932.0,S
ANZ.AX,26-09-2011,18.78,100.0,1878.0,B
ANZ.AX,29-09-2011,19.58,100.0,1958.0,S
ANZ.AX,03-10-2011,18.94,100.0,1894.0,B
ANZ.AX,06-10-2011,20.04,100.0,2004.0,S
ANZ.AX,07-10-2011,20.71,100.0,2071.0,B
ANZ.AX,11-10-2011,21.2,100.0,2120.0,S
ANZ.AX,17-10-2011,21.36,100.0,2136.0,B
ANZ.AX,18-10-2011,21.07,100.0,2107.0,S
ANZ.AX,19-10-2011,21.3,100.0,2130.0,B
ANZ.AX,20-10-2011,21.12,100.0,2112.0,S
ANZ.AX,21-10-2011,21.21,100.0,2121.0,B
ANZ.AX,27-10-2011,22.0,100.0,2200.0,S
ANZ.AX,28-10-2011,22.08,100.0,2208.0,B
ANZ.AX,01-11-2011,21.36,100.0,2136.0,S
ANZ.AX,04-11-2011,21.02,100.0,2102.0,B
ANZ.AX,09-11-2011,21.76,100.0,2176.0,S
ANZ.AX,14-11-2011,20.66,100.0,2066.0,B
ANZ.AX,16-11-2011,20.47,100.0,2047.0,S
ANZ.AX,21-11-2011,19.75,100.0,1975.0,B
ANZ.AX,22-11-2011,19.54,100.0,1954.0,S
ANZ.AX,28-11-2011,19.2,100.0,1920.0,B
ANZ.AX,01-12-2011,20.5,100.0,2050.0,S
ANZ.AX,05-12-2011,21.05,100.0,2105.0,B
ANZ.AX,06-12-2011,20.99,100.0,2099.0,S
ANZ.AX,12-12-2011,20.95,100.0,2095.0,B
ANZ.AX,15-12-2011,20.78,100.0,2078.0,S
ANZ.AX,16-12-2011,20.93,100.0,2093.0,B
ANZ.AX,22-12-2011,20.55,100.0,2055.0,S
ANZ.AX,23-12-2011,20.85,100.0,2085.0,B
ANZ.AX,30-12-2011,20.53,100.0,2053.0,S
ANZ.AX,04-01-2012,21.02,100.0,2102.0,B
ANZ.AX,06-01-2012,20.45,100.0,2045.0,S
ANZ.AX,09-01-2012,20.54,100.0,2054.0,B
ANZ.AX,12-01-2012,21.1,100.0,2110.0,S
ANZ.AX,16-01-2012,20.86,100.0,2086.0,B
ANZ.AX,18-01-2012,20.79,100.0,2079.0,S
ANZ.AX,23-01-2012,20.87,100.0,2087.0,B
ANZ.AX,31-01-2012,21.41,100.0,2141.0,S
ANZ.AX,06-02-2012,21.33,100.0,2133.0,B
ANZ.AX,09-02-2012,21.62,100.0,2162.0,S
ANZ.AX,13-02-2012,21.77,100.0,2177.0,B
ANZ.AX,16-02-2012,21.2,100.0,2120.0,S
ANZ.AX,17-02-2012,21.55,100.0,2155.0,B
ANZ.AX,23-02-2012,22.07,100.0,2207.0,S
ANZ.AX,27-02-2012,22.08,100.0,2208.0,B
ANZ.AX,01-03-2012,21.69,100.0,2169.0,S
ANZ.AX,02-03-2012,22.0,100.0,2200.0,B
ANZ.AX,07-03-2012,21.75,100.0,2175.0,S
ANZ.AX,09-03-2012,21.93,100.0,2193.0,B
ANZ.AX,15-03-2012,22.28,100.0,2228.0,S
ANZ.AX,19-03-2012,22.57,100.0,2257.0,B
ANZ.AX,21-03-2012,22.42,100.0,2242.0,S
ANZ.AX,26-03-2012,22.81,100.0,2281.0,B
ANZ.AX,29-03-2012,23.46,100.0,2346.0,S
ANZ.AX,02-04-2012,23.06,100.0,2306.0,B
ANZ.AX,05-04-2012,23.04,100.0,2304.0,S
ANZ.AX,10-04-2012,22.98,100.0,2298.0,B
ANZ.AX,11-04-2012,22.77,100.0,2277.0,S
ANZ.AX,16-04-2012,23.12,100.0,2312.0,B
ANZ.AX,17-04-2012,23.0,100.0,2300.0,S
ANZ.AX,18-04-2012,23.26,100.0,2326.0,B
ANZ.AX,19-04-2012,23.3,100.0,2330.0,S
ANZ.AX,20-04-2012,23.45,100.0,2345.0,B
ANZ.AX,27-04-2012,23.66,100.0,2366.0,S
ANZ.AX,30-04-2012,23.91,100.0,2391.0,B
ANZ.AX,01-05-2012,23.99,100.0,2399.0,S
ANZ.AX,07-05-2012,23.1,100.0,2310.0,B
ANZ.AX,10-05-2012,22.15,100.0,2215.0,S
ANZ.AX,14-05-2012,22.2,100.0,2220.0,B
ANZ.AX,16-05-2012,21.61,100.0,2161.0,S
ANZ.AX,21-05-2012,20.92,100.0,2092.0,B
ANZ.AX,24-05-2012,20.47,100.0,2047.0,S
ANZ.AX,28-05-2012,20.58,100.0,2058.0,B
ANZ.AX,31-05-2012,20.9,100.0,2090.0,S
ANZ.AX,04-06-2012,20.87,100.0,2087.0,B
ANZ.AX,06-06-2012,21.34,100.0,2134.0,S
ANZ.AX,12-06-2012,21.77,100.0,2177.0,B
ANZ.AX,13-06-2012,21.57,100.0,2157.0,S
ANZ.AX,18-06-2012,21.8,100.0,2180.0,B
ANZ.AX,21-06-2012,21.58,100.0,2158.0,S
ANZ.AX,25-06-2012,21.34,100.0,2134.0,B
ANZ.AX,28-06-2012,21.5,100.0,2150.0,S
ANZ.AX,29-06-2012,22.03,100.0,2203.0,B
ANZ.AX,04-07-2012,22.37,100.0,2237.0,S
ANZ.AX,09-07-2012,22.5,100.0,2250.0,B
ANZ.AX,10-07-2012,22.34,100.0,2234.0,S
ANZ.AX,13-07-2012,22.35,100.0,2235.0,B
ANZ.AX,19-07-2012,23.23,100.0,2323.0,S
ANZ.AX,23-07-2012,22.82,100.0,2282.0,B
ANZ.AX,24-07-2012,22.75,100.0,2275.0,S
ANZ.AX,27-07-2012,23.08,100.0,2308.0,B
ANZ.AX,01-08-2012,23.52,100.0,2352.0,S
ANZ.AX,06-08-2012,23.56,100.0,2356.0,B
ANZ.AX,09-08-2012,23.82,100.0,2382.0,S
ANZ.AX,13-08-2012,23.8,100.0,2380.0,B
ANZ.AX,16-08-2012,23.9,100.0,2390.0,S
ANZ.AX,17-08-2012,24.61,100.0,2461.0,B
ANZ.AX,22-08-2012,24.96,100.0,2496.0,S
ANZ.AX,27-08-2012,24.7,100.0,2470.0,B
ANZ.AX,30-08-2012,24.86,100.0,2486.0,S
ANZ.AX,03-09-2012,24.84,100.0,2484.0,B
ANZ.AX,04-09-2012,24.34,100.0,2434.0,S
ANZ.AX,07-09-2012,24.16,100.0,2416.0,B
ANZ.AX,13-09-2012,24.14,100.0,2414.0,S
ANZ.AX,17-09-2012,24.39,100.0,2439.0,B
ANZ.AX,20-09-2012,24.74,100.0,2474.0,S
ANZ.AX,24-09-2012,24.7,100.0,2470.0,B
ANZ.AX,25-09-2012,24.56,100.0,2456.0,S
ANZ.AX,01-10-2012,24.79,100.0,2479.0,B
ANZ.AX,04-10-2012,25.3,100.0,2530.0,S
ANZ.AX,08-10-2012,25.52,100.0,2552.0,B
ANZ.AX,10-10-2012,25.56,100.0,2556.0,S
ANZ.AX,15-10-2012,25.77,100.0,2577.0,B
ANZ.AX,18-10-2012,25.95,100.0,2595.0,S
ANZ.AX,22-10-2012,25.66,100.0,2566.0,B
ANZ.AX,25-10-2012,25.38,100.0,2538.0,S
ANZ.AX,29-10-2012,25.23,100.0,2523.0,B
ANZ.AX,01-11-2012,25.33,100.0,2533.0,S
ANZ.AX,05-11-2012,25.16,100.0,2516.0,B
ANZ.AX,08-11-2012,24.37,100.0,2437.0,S
ANZ.AX,12-11-2012,24.45,100.0,2445.0,B
ANZ.AX,15-11-2012,24.05,100.0,2405.0,S
ANZ.AX,19-11-2012,23.65,100.0,2365.0,B
ANZ.AX,22-11-2012,23.74,100.0,2374.0,S
ANZ.AX,26-11-2012,23.57,100.0,2357.0,B
ANZ.AX,29-11-2012,24.09,100.0,2409.0,S
ANZ.AX,03-12-2012,24.69,100.0,2469.0,B
ANZ.AX,04-12-2012,24.59,100.0,2459.0,S
ANZ.AX,07-12-2012,24.89,100.0,2489.0,B
ANZ.AX,12-12-2012,24.7,100.0,2470.0,S
ANZ.AX,17-12-2012,24.49,100.0,2449.0,B
ANZ.AX,20-12-2012,24.8,100.0,2480.0,S
ANZ.AX,24-12-2012,24.97,100.0,2497.0,B
ANZ.AX,04-01-2013,25.26,100.0,2526.0,S
ANZ.AX,11-01-2013,25.25,100.0,2525.0,B
ANZ.AX,17-01-2013,25.57,100.0,2557.0,S
ANZ.AX,21-01-2013,25.69,100.0,2569.0,B
ANZ.AX,24-01-2013,26.0,100.0,2600.0,S
ANZ.AX,29-01-2013,26.51,100.0,2651.0,B
ANZ.AX,01-02-2013,26.74,100.0,2674.0,S
ANZ.AX,04-02-2013,26.55,100.0,2655.0,B
ANZ.AX,07-02-2013,27.51,100.0,2751.0,S
ANZ.AX,08-02-2013,28.12,100.0,2812.0,B
ANZ.AX,12-02-2013,27.56,100.0,2756.0,S
ANZ.AX,18-02-2013,28.5,100.0,2850.0,B
ANZ.AX,21-02-2013,27.98,100.0,2798.0,S
ANZ.AX,25-02-2013,28.47,100.0,2847.0,B
ANZ.AX,28-02-2013,28.72,100.0,2872.0,S
ANZ.AX,04-03-2013,28.36,100.0,2836.0,B
ANZ.AX,07-03-2013,29.01,100.0,2901.0,S
ANZ.AX,11-03-2013,29.2,100.0,2920.0,B
ANZ.AX,13-03-2013,28.48,100.0,2848.0,S
ANZ.AX,15-03-2013,28.72,100.0,2872.0,B
ANZ.AX,20-03-2013,27.83,100.0,2783.0,S
ANZ.AX,22-03-2013,28.55,100.0,2855.0,B
ANZ.AX,26-03-2013,28.44,100.0,2844.0,S
ANZ.AX,02-04-2013,28.82,100.0,2882.0,B
ANZ.AX,03-04-2013,28.27,100.0,2827.0,S
ANZ.AX,08-04-2013,27.86,100.0,2786.0,B
ANZ.AX,11-04-2013,28.69,100.0,2869.0,S
ANZ.AX,15-04-2013,28.79,100.0,2879.0,B
ANZ.AX,16-04-2013,28.86,100.0,2886.0,S
ANZ.AX,22-04-2013,28.57,100.0,2857.0,B
ANZ.AX,01-05-2013,31.69,100.0,3169.0,S
ANZ.AX,06-05-2013,31.51,100.0,3151.0,B
ANZ.AX,09-05-2013,30.59,100.0,3059.0,S
ANZ.AX,13-05-2013,30.09,100.0,3009.0,B
ANZ.AX,16-05-2013,29.86,100.0,2986.0,S
ANZ.AX,17-05-2013,30.26,100.0,3026.0,B
ANZ.AX,21-05-2013,29.64,100.0,2964.0,S
ANZ.AX,27-05-2013,27.85,100.0,2785.0,B
ANZ.AX,30-05-2013,27.53,100.0,2753.0,S
ANZ.AX,03-06-2013,27.85,100.0,2785.0,B
ANZ.AX,05-06-2013,27.2,100.0,2720.0,S
ANZ.AX,11-06-2013,26.88,100.0,2688.0,B
ANZ.AX,14-06-2013,27.82,100.0,2782.0,S
ANZ.AX,17-06-2013,28.45,100.0,2845.0,B
ANZ.AX,18-06-2013,28.38,100.0,2838.0,S
ANZ.AX,24-06-2013,27.38,100.0,2738.0,B
ANZ.AX,27-06-2013,28.51,100.0,2851.0,S
ANZ.AX,01-07-2013,27.82,100.0,2782.0,B
ANZ.AX,03-07-2013,27.87,100.0,2787.0,S
ANZ.AX,08-07-2013,28.13,100.0,2813.0,B
ANZ.AX,11-07-2013,28.98,100.0,2898.0,S
ANZ.AX,15-07-2013,28.95,100.0,2895.0,B
ANZ.AX,18-07-2013,28.95,100.0,2895.0,S
ANZ.AX,22-07-2013,28.91,100.0,2891.0,B
ANZ.AX,25-07-2013,29.12,100.0,2912.0,S
ANZ.AX,29-07-2013,29.64,100.0,2964.0,B
ANZ.AX,01-08-2013,29.39,100.0,2939.0,S
ANZ.AX,02-08-2013,29.92,100.0,2992.0,B
ANZ.AX,07-08-2013,29.1,100.0,2910.0,S
ANZ.AX,12-08-2013,29.54,100.0,2954.0,B
ANZ.AX,15-08-2013,30.36,100.0,3036.0,S
ANZ.AX,19-08-2013,29.44,100.0,2944.0,B
ANZ.AX,22-08-2013,29.5,100.0,2950.0,S
ANZ.AX,26-08-2013,29.82,100.0,2982.0,B
ANZ.AX,28-08-2013,29.64,100.0,2964.0,S
ANZ.AX,02-09-2013,30.0,100.0,3000.0,B
ANZ.AX,04-09-2013,29.77,100.0,2977.0,S
ANZ.AX,09-09-2013,29.94,100.0,2994.0,B
ANZ.AX,12-09-2013,30.37,100.0,3037.0,S
ANZ.AX,16-09-2013,30.35,100.0,3035.0,B
ANZ.AX,19-09-2013,31.26,100.0,3126.0,S
ANZ.AX,23-09-2013,31.19,100.0,3119.0,B
ANZ.AX,24-09-2013,30.99,100.0,3099.0,S
ANZ.AX,25-09-2013,31.41,100.0,3141.0,B
ANZ.AX,26-09-2013,31.56,100.0,3156.0,S
ANZ.AX,30-09-2013,30.78,100.0,3078.0,B
ANZ.AX,03-10-2013,30.96,100.0,3096.0,S
ANZ.AX,07-10-2013,30.46,100.0,3046.0,B
ANZ.AX,10-10-2013,30.55,100.0,3055.0,S
ANZ.AX,11-10-2013,31.29,100.0,3129.0,B
ANZ.AX,16-10-2013,31.48,100.0,3148.0,S
ANZ.AX,21-10-2013,32.12,100.0,3212.0,B
ANZ.AX,23-10-2013,31.97,100.0,3197.0,S
ANZ.AX,28-10-2013,33.24,100.0,3324.0,B
ANZ.AX,31-10-2013,33.84,100.0,3384.0,S
ANZ.AX,04-11-2013,33.51,100.0,3351.0,B
ANZ.AX,07-11-2013,32.38,100.0,3238.0,S
ANZ.AX,11-11-2013,32.14,100.0,3214.0,B
ANZ.AX,13-11-2013,31.44,100.0,3144.0,S
ANZ.AX,15-11-2013,32.28,100.0,3228.0,B
ANZ.AX,19-11-2013,31.92,100.0,3192.0,S
ANZ.AX,22-11-2013,31.68,100.0,3168.0,B
ANZ.AX,28-11-2013,32.04,100.0,3204.0,S
ANZ.AX,02-12-2013,31.85,100.0,3185.0,B
ANZ.AX,05-12-2013,31.19,100.0,3119.0,S
ANZ.AX,09-12-2013,30.75,100.0,3075.0,B
ANZ.AX,12-12-2013,30.35,100.0,3035.0,S
ANZ.AX,16-12-2013,30.29,100.0,3029.0,B
ANZ.AX,19-12-2013,31.13,100.0,3113.0,S
ANZ.AX,20-12-2013,31.78,100.0,3178.0,B
ANZ.AX,03-01-2014,32.21,100.0,3221.0,S
ANZ.AX,06-01-2014,31.99,100.0,3199.0,B
ANZ.AX,07-01-2014,31.86,100.0,3186.0,S
ANZ.AX,13-01-2014,31.33,100.0,3133.0,B
ANZ.AX,14-01-2014,30.79,100.0,3079.0,S
ANZ.AX,17-01-2014,31.03,100.0,3103.0,B
ANZ.AX,23-01-2014,30.97,100.0,3097.0,S
ANZ.AX,28-01-2014,30.14,100.0,3014.0,B
ANZ.AX,31-01-2014,30.13,100.0,3013.0,S
ANZ.AX,03-02-2014,29.83,100.0,2983.0,B
ANZ.AX,05-02-2014,29.02,100.0,2902.0,S
ANZ.AX,07-02-2014,29.45,100.0,2945.0,B
ANZ.AX,13-02-2014,30.99,100.0,3099.0,S
ANZ.AX,17-02-2014,31.62,100.0,3162.0,B
ANZ.AX,20-02-2014,31.6,100.0,3160.0,S
ANZ.AX,24-02-2014,32.0,100.0,3200.0,B
ANZ.AX,27-02-2014,32.15,100.0,3215.0,S
ANZ.AX,03-03-2014,31.95,100.0,3195.0,B
ANZ.AX,06-03-2014,32.57,100.0,3257.0,S
ANZ.AX,10-03-2014,32.31,100.0,3231.0,B
ANZ.AX,13-03-2014,32.23,100.0,3223.0,S
ANZ.AX,17-03-2014,32.06,100.0,3206.0,B
ANZ.AX,20-03-2014,32.12,100.0,3212.0,S
ANZ.AX,24-03-2014,32.4,100.0,3240.0,B
ANZ.AX,27-03-2014,32.55,100.0,3255.0,S
ANZ.AX,28-03-2014,32.82,100.0,3282.0,B
ANZ.AX,03-04-2014,33.21,100.0,3321.0,S
ANZ.AX,07-04-2014,33.48,100.0,3348.0,B
ANZ.AX,10-04-2014,34.19,100.0,3419.0,S
ANZ.AX,14-04-2014,33.34,100.0,3334.0,B
ANZ.AX,17-04-2014,33.88,100.0,3388.0,S
ANZ.AX,22-04-2014,34.28,100.0,3428.0,B
ANZ.AX,29-04-2014,34.6,100.0,3460.0,S
ANZ.AX,02-05-2014,34.34,100.0,3434.0,B
ANZ.AX,07-05-2014,33.77,100.0,3377.0,S
ANZ.AX,12-05-2014,32.68,100.0,3268.0,B
ANZ.AX,15-05-2014,33.2,100.0,3320.0,S
ANZ.AX,19-05-2014,32.66,100.0,3266.0,B
ANZ.AX,22-05-2014,33.41,100.0,3341.0,S
ANZ.AX,26-05-2014,33.67,100.0,3367.0,B
ANZ.AX,27-05-2014,33.55,100.0,3355.0,S
ANZ.AX,02-06-2014,33.71,100.0,3371.0,B
ANZ.AX,05-06-2014,33.23,100.0,3323.0,S
ANZ.AX,06-06-2014,33.67,100.0,3367.0,B
ANZ.AX,12-06-2014,33.83,100.0,3383.0,S
ANZ.AX,16-06-2014,34.06,100.0,3406.0,B
ANZ.AX,19-06-2014,34.28,100.0,3428.0,S
ANZ.AX,23-06-2014,33.98,100.0,3398.0,B
ANZ.AX,24-06-2014,33.62,100.0,3362.0,S
ANZ.AX,30-06-2014,33.34,100.0,3334.0,B
ANZ.AX,01-07-2014,32.84,100.0,3284.0,S
ANZ.AX,02-07-2014,33.39,100.0,3339.0,B
ANZ.AX,03-07-2014,33.64,100.0,3364.0,S
ANZ.AX,04-07-2014,33.78,100.0,3378.0,B
ANZ.AX,08-07-2014,33.59,100.0,3359.0,S
ANZ.AX,11-07-2014,33.35,100.0,3335.0,B
ANZ.AX,17-07-2014,33.21,100.0,3321.0,S
ANZ.AX,18-07-2014,33.42,100.0,3342.0,B
ANZ.AX,24-07-2014,33.58,100.0,3358.0,S
ANZ.AX,28-07-2014,33.52,100.0,3352.0,B
ANZ.AX,31-07-2014,33.97,100.0,3397.0,S
ANZ.AX,04-08-2014,33.34,100.0,3334.0,B
ANZ.AX,07-08-2014,32.85,100.0,3285.0,S
ANZ.AX,11-08-2014,32.44,100.0,3244.0,B
ANZ.AX,14-08-2014,32.74,100.0,3274.0,S
ANZ.AX,18-08-2014,32.55,100.0,3255.0,B
ANZ.AX,21-08-2014,33.21,100.0,3321.0,S
ANZ.AX,25-08-2014,33.22,100.0,3322.0,B
ANZ.AX,28-08-2014,33.37,100.0,3337.0,S
ANZ.AX,01-09-2014,33.43,100.0,3343.0,B
ANZ.AX,04-09-2014,33.52,100.0,3352.0,S
ANZ.AX,08-09-2014,33.28,100.0,3328.0,B
ANZ.AX,11-09-2014,33.14,100.0,3314.0,S
ANZ.AX,15-09-2014,32.37,100.0,3237.0,B
ANZ.AX,17-09-2014,31.43,100.0,3143.0,S
ANZ.AX,19-09-2014,31.92,100.0,3192.0,B
ANZ.AX,24-09-2014,31.38,100.0,3138.0,S
ANZ.AX,29-09-2014,30.53,100.0,3053.0,B
ANZ.AX,02-10-2014,31.22,100.0,3122.0,S
ANZ.AX,06-10-2014,31.55,100.0,3155.0,B
ANZ.AX,08-10-2014,31.3,100.0,3130.0,S
ANZ.AX,13-10-2014,31.01,100.0,3101.0,B
ANZ.AX,14-10-2014,31.15,100.0,3115.0,S
ANZ.AX,15-10-2014,31.37,100.0,3137.0,B
ANZ.AX,16-10-2014,31.58,100.0,3158.0,S
ANZ.AX,20-10-2014,32.45,100.0,3245.0,B
ANZ.AX,23-10-2014,32.93,100.0,3293.0,S
ANZ.AX,27-10-2014,33.345,100.0,3334.5,B
ANZ.AX,29-10-2014,32.93,100.0,3293.0,S
ANZ.AX,03-11-2014,33.58,100.0,3358.0,B
ANZ.AX,06-11-2014,33.6,100.0,3360.0,S
ANZ.AX,10-11-2014,32.52,100.0,3252.0,B
ANZ.AX,13-11-2014,32.05,100.0,3205.0,S
ANZ.AX,17-11-2014,31.9,100.0,3190.0,B
ANZ.AX,19-11-2014,31.77,100.0,3177.0,S
ANZ.AX,24-11-2014,31.87,100.0,3187.0,B
ANZ.AX,27-11-2014,32.45,100.0,3245.0,S
ANZ.AX,01-12-2014,31.66,100.0,3166.0,B
ANZ.AX,04-12-2014,32.22,100.0,3222.0,S
ANZ.AX,08-12-2014,32.4,100.0,3240.0,B
ANZ.AX,09-12-2014,31.88,100.0,3188.0,S
ANZ.AX,15-12-2014,30.76,100.0,3076.0,B
ANZ.AX,18-12-2014,30.98,100.0,3098.0,S
ANZ.AX,19-12-2014,31.68,100.0,3168.0,B
ANZ.AX,23-12-2014,31.87,100.0,3187.0,S
ANZ.AX,05-01-2015,32.17,100.0,3217.0,B
ANZ.AX,06-01-2015,31.78,100.0,3178.0,S
ANZ.AX,09-01-2015,32.39,100.0,3239.0,B
ANZ.AX,14-01-2015,31.67,100.0,3167.0,S
ANZ.AX,19-01-2015,31.28,100.0,3128.0,B
ANZ.AX,22-01-2015,31.77,100.0,3177.0,S
ANZ.AX,27-01-2015,32.57,100.0,3257.0,B
ANZ.AX,30-01-2015,33.0,100.0,3300.0,S
ANZ.AX,02-02-2015,33.37,100.0,3337.0,B
ANZ.AX,05-02-2015,34.98,100.0,3498.0,S
ANZ.AX,09-02-2015,34.98,100.0,3498.0,B
ANZ.AX,10-02-2015,34.9,100.0,3490.0,S
ANZ.AX,13-02-2015,35.74,100.0,3574.0,B
ANZ.AX,17-02-2015,34.99,100.0,3499.0,S
ANZ.AX,20-02-2015,34.81,100.0,3481.0,B
ANZ.AX,26-02-2015,35.16,100.0,3516.0,S
ANZ.AX,02-03-2015,35.7,100.0,3570.0,B
ANZ.AX,05-03-2015,35.5,100.0,3550.0,S
ANZ.AX,09-03-2015,35.16,100.0,3516.0,B
ANZ.AX,12-03-2015,35.64,100.0,3564.0,S
ANZ.AX,16-03-2015,35.55,100.0,3555.0,B
ANZ.AX,19-03-2015,36.63,100.0,3663.0,S
ANZ.AX,23-03-2015,36.8,100.0,3680.0,B
